UnitID,Institution Name,Instructional staff - men (SAL2019_IS  All full-time instructional staff total),Imputation/Status Flag For Instructional staff - men (SAL2019_IS  All full-time instructional staff total),Instructional staff - women (SAL2019_IS  All full-time instructional staff total),Imputation/Status Flag For Instructional staff - women (SAL2019_IS  All full-time instructional staff total),
222178,Abilene Christian University,154,R,111,R,
488031,Abraham Lincoln University,,,,,
172866,Academy College,1,R,0,R,
108232,Academy of Art University,124,R,95,R,
126182,Adams State University,46,R,57,R,
188429,Adelphi University,165,R,196,R,
168528,Adrian College,52,R,45,R,
133872,AdventHealth University,25,R,66,R,
138600,Agnes Scott College,28,R,67,R,
134811,AI Miami International University of Art and Design,8,R,2,R,
100654,Alabama A & M University,131,R,111,R,
100724,Alabama State University,114,R,112,R,
102580,Alaska Bible College,2,R,1,R,
102669,Alaska Pacific University,17,R,21,R,
188526,Albany College of Pharmacy and Health Sciences,46,R,43,R,
138716,Albany State University,94,R,102,R,
128498,Albertus Magnus College,28,R,24,R,
168546,Albion College,59,R,56,R,
132842,Albizu University-Miami,6,R,15,R,
241331,Albizu University-San Juan,13,R,14,R,
210571,Albright College,53,R,55,R,
175342,Alcorn State University,82,R,76,R,
237118,Alderson Broaddus University,28,R,28,R,
188641,Alfred University,84,R,72,R,
156189,Alice Lloyd College,13,R,13,R,
210669,Allegheny College,69,R,83,R,
200873,Allegheny Wesleyan College,2,R,2,R,
152798,Allen College,5,R,40,R,
217624,Allen University,25,R,15,R,
110468,Alliant International University-San Diego,52,R,60,R,
168591,Alma College,52,R,49,R,
210775,Alvernia University,47,R,71,R,
238193,Alverno College,19,R,69,R,
222628,Amberton University,10,R,9,R,
490081,America Evangelical University,2,R,0,R,
142887,American Academy of Art,12,R,8,R,
219505,American Baptist College,1,R,2,R,
449889,American College of Education,26,R,54,R,
485698,American College of the Building Arts,9,R,1,R,
445027,American InterContinental University,19,R,33,R,
438586,American InterContinental University-Atlanta,5,R,1,R,
445133,American InterContinental University-Houston,3,R,0,R,
164447,American International College,25,R,40,R,
142957,American Islamic College,2,R,2,R,
116846,American Jewish University,7,R,7,R,
449339,American Public University System,158,R,186,R,
460738,American Sentinel University,0,R,16,R,
131159,American University,425,R,415,R,
433004,American University of Health Sciences,11,R,14,R,
241100,American University of Puerto Rico,4,R,6,R,
241128,American University of Puerto Rico,4,R,4,R,
164465,Amherst College,132,R,128,R,
100690,Amridge University,24,R,6,R,
150066,Anderson University,61,R,51,R,
217633,Anderson University,72,R,87,R,
168740,Andrews University,128,R,90,R,
222831,Angelo State University,164,R,145,R,
164492,Anna Maria College,18,R,24,R,
483018,Antioch College,11,R,11,R,
458113,Antioch College AG,,,,,
485908,Antioch University Online,2,R,2,R,
245838,Antioch University-Los Angeles,13,R,16,R,
245892,Antioch University-Midwest,,,,,
245847,Antioch University-Santa Barbara,3,R,9,R,
245883,Antioch University-Seattle,13,R,37,R,
237136,Appalachian Bible College,8,R,6,R,
197869,Appalachian State University,526,R,488,R,
168786,Aquinas College,50,R,39,R,
211088,Arcadia University,70,R,107,R,
105899,Arizona Christian University,16,R,8,R,
495439,Arizona College of Nursing-Fort Lauderdale,,,,,
487375,Arizona College of Nursing-Las Vegas,5,R,14,R,
495457,Arizona College of Nursing-Phoenix,,,,,
495420,Arizona College of Nursing-Tampa,,,,,
494171,Arizona College of Nursing-Tempe,0,R,12,R,
495448,Arizona College of Nursing-Tucson,,,,,
494162,Arizona College-Dallas,1,R,2,R,
104151,Arizona State University Campus Immersion,1304,R,891,R,
483124,Arizona State University Digital Immersion,410,R,466,R,
106458,Arkansas State University,239,R,279,R,
222877,Arlington Baptist University,7,R,4,R,
201061,Art Academy of Cincinnati,6,R,3,R,
109651,Art Center College of Design,92,R,42,R,
156213,Asbury University,56,R,34,R,
154022,Ashford University,67,R,120,R,
201104,Ashland University,104,R,82,R,
454829,Aspen University,3,R,26,R,
164562,Assumption University,81,R,62,R,
100812,Athens State University,40,R,49,R,
439446,Atlantic Institute of Oriental Medicine,2,R,4,R,
241216,Atlantic University College,34,R,27,R,
485768,Atlantis University,2,R,2,R,
100858,Auburn University,840,R,585,R,
100830,Auburn University at Montgomery,119,R,97,R,
173045,Augsburg University,83,R,96,R,
482149,Augusta University,205,R,252,R,
143084,Augustana College,102,R,94,R,
219000,Augustana University,71,R,77,R,
143118,Aurora University,63,R,76,R,
222983,Austin College,60,R,41,R,
247825,Austin Graduate School of Theology,4,R,0,R,
219602,Austin Peay State University,195,R,190,R,
446048,Ave Maria University,46,R,17,R,
231420,Averett University,25,R,28,R,
449931,Averett University-Non-Traditional Programs,2,R,0,R,
176628,Avila University,26,R,39,R,
109785,Azusa Pacific University,194,R,255,R,
164580,Babson College,115,R,76,R,
206817,Bacone College,6,R,8,R,
128586,Bais Binyomin Academy,5,R,0,R,
476601,Bais HaMedrash and Mesivta of Baltimore,5,R,0,R,
245777,Bais Medrash Elyon,3,R,0,R,
449658,Bais Medrash Toras Chesed,2,R,0,R,
168847,Baker College,47,R,127,R,
154688,Baker University,33,R,40,R,
201195,Baldwin Wallace University,108,R,119,R,
150136,Ball State University,515,R,548,R,
176664,Baptist Bible College,7,R,2,R,
219639,Baptist Health Sciences University,15,R,55,R,
223117,Baptist Missionary Association Theological Seminary,6,R,0,R,
444398,Baptist University of the Americas,3,R,3,R,
155070,Barclay College,8,R,3,R,
189088,Bard College,113,R,87,R,
189097,Barnard College,92,R,159,R,
177719,Barnes-Jewish College Goldfarb School of Nursing,6,R,48,R,
132471,Barry University,130,R,173,R,
197911,Barton College,34,R,35,R,
235547,Bastyr University,6,R,22,R,
160977,Bates College,79,R,91,R,
164632,Bay Path University,13,R,59,R,
164641,Bay State College,2,R,10,R,
223232,Baylor University,643,R,501,R,
476717,Be'er Yaakov Talmudic Seminary,26,R,0,R,
384254,Beacon College,23,R,31,R,
164720,Becker College,23,R,27,R,
444413,Beis Medrash Heichal Dovid,4,R,0,R,
175421,Belhaven University,39,R,44,R,
156286,Bellarmine University,74,R,102,R,
180814,Bellevue University,44,R,41,R,
238324,Bellin College,2,R,17,R,
197984,Belmont Abbey College,39,R,37,R,
219709,Belmont University,191,R,186,R,
238333,Beloit College,42,R,54,R,
173124,Bemidji State University,79,R,77,R,
217721,Benedict College,44,R,40,R,
154712,Benedictine College,81,R,41,R,
145619,Benedictine University,67,R,73,R,
197993,Bennett College,12,R,24,R,
230816,Bennington College,28,R,30,R,
164739,Bentley University,164,R,128,R,
156295,Berea College,70,R,77,R,
461643,Bergin University of Canine Studies,1,R,3,R,
189228,Berkeley College-New York,28,R,31,R,
164748,Berklee College of Music,231,R,118,R,
139144,Berry College,87,R,76,R,
485999,Bet Medrash Gadol Ateret Torah,12,R,0,R,
189273,Beth Hamedrash Shaarei Yosher Institute,5,R,0,R,
183804,Beth Medrash Govoha,16,R,0,R,
486196,Beth Medrash Meor Yitzchok,10,R,0,R,
488314,Beth Medrash of Asbury Park,3,R,0,R,
237181,Bethany College,27,R,19,R,
154721,Bethany College,26,R,16,R,
486284,Bethany Global University,5,R,1,R,
173142,Bethany Lutheran College,26,R,16,R,
154749,Bethel College-North Newton,16,R,25,R,
150145,Bethel University,29,R,32,R,
173160,Bethel University,89,R,108,R,
219718,Bethel University,89,R,71,R,
110060,Bethesda University,7,R,1,R,
486053,Bethlehem College & Seminary,13,R,0,R,
132602,Bethune-Cookman University,91,R,77,R,
139153,Beulah Heights University,5,R,3,R,
475635,Beverly Hills Design Institute,1,R,1,R,
196079,Binghamton University,412,R,321,R,
110097,Biola University,172,R,104,R,
100937,Birmingham-Southern College,55,R,46,R,
442949,Birthingway College of Midwifery,,,,,
219046,Black Hills State University,72,R,55,R,
143288,Blackburn College,16,R,16,R,
143297,Blessing Rieman College of Nursing and Health Sciences,2,R,27,R,
183822,Bloomfield College,24,R,37,R,
211158,Bloomsburg University of Pennsylvania,205,R,175,R,
175430,Blue Mountain College,18,R,19,R,
231554,Bluefield College,26,R,19,R,
237215,Bluefield State College,36,R,34,R,
201371,Bluffton University,26,R,25,R,
217749,Bob Jones University,102,R,65,R,
142115,Boise State University,400,R,390,R,
233356,Bon Secours Memorial College of Nursing,2,R,27,R,
189413,Boricua College,14,R,25,R,
164872,Boston Architectural College,11,R,6,R,
164614,Boston Baptist College,2,R,1,R,
164924,Boston College,509,R,369,R,
164988,Boston University,1060,R,834,R,
161004,Bowdoin College,99,R,123,R,
162007,Bowie State University,99,R,122,R,
201441,Bowling Green State University-Main Campus,383,R,377,R,
143358,Bradley University,200,R,151,R,
165015,Brandeis University,207,R,172,R,
262086,Brandman University,27,R,64,R,
139199,Brenau University,39,R,105,R,
156356,Brescia University,21,R,23,R,
198066,Brevard College,26,R,24,R,
139205,Brewton-Parker College,13,R,7,R,
152992,Briar Cliff University,33,R,33,R,
231581,Bridgewater College,56,R,60,R,
165024,Bridgewater State University,166,R,195,R,
230047,Brigham Young University-Hawaii,101,R,29,R,
142522,Brigham Young University-Idaho,491,R,105,R,
230038,Brigham Young University-Provo,1004,R,264,R,
217156,Brown University,575,R,338,R,
180878,Bryan College of Health Sciences,7,R,34,R,
219790,Bryan College-Dayton,31,R,12,R,
217165,Bryant University,103,R,73,R,
210492,Bryn Athyn College of the New Church,22,R,13,R,
211273,Bryn Mawr College,59,R,93,R,
211291,Bucknell University,246,R,177,R,
153001,Buena Vista University,37,R,47,R,
209409,Bushnell University,17,R,11,R,
150163,Butler University,197,R,197,R,
211352,Cabrini University,29,R,47,R,
215114,Cairn University-Langhorne,32,R,15,R,
183910,Caldwell University,29,R,52,R,
433420,California Aeronautical University,28,R,3,R,
110361,California Baptist University,191,R,162,R,
110918,California Christian College,,,,,
110370,California College of the Arts,53,R,58,R,
110316,California Institute of Integral Studies,27,R,31,R,
110404,California Institute of Technology,269,R,79,R,
111081,California Institute of the Arts,89,R,70,R,
485546,California Intercontinental University,3,R,0,R,
486488,California Jazz Conservatory,2,R,0,R,
110413,California Lutheran University,96,R,100,R,
480781,California Miramar University,,,,,
110422,California Polytechnic State University-San Luis Obispo,564,R,330,R,
110529,California State Polytechnic University-Pomona,370,R,270,R,
111188,California State University Maritime Academy,51,R,20,R,
110486,California State University-Bakersfield,176,R,142,R,
441937,California State University-Channel Islands,107,R,129,R,
110538,California State University-Chico,269,R,261,R,
110547,California State University-Dominguez Hills,187,R,216,R,
110574,California State University-East Bay,187,R,196,R,
110556,California State University-Fresno,412,R,375,R,
110565,California State University-Fullerton,498,R,509,R,
110583,California State University-Long Beach,520,R,557,R,
110592,California State University-Los Angeles,326,R,355,R,
409698,California State University-Monterey Bay,105,R,122,R,
110608,California State University-Northridge,449,R,453,R,
110617,California State University-Sacramento,401,R,429,R,
110510,California State University-San Bernardino,249,R,255,R,
366711,California State University-San Marcos,174,R,218,R,
110495,California State University-Stanislaus,190,R,165,R,
211361,California University of Pennsylvania,133,R,136,R,
150172,Calumet College of Saint Joseph,11,R,10,R,
176789,Calvary University,16,R,8,R,
169080,Calvin University,143,R,93,R,
165167,Cambridge College,7,R,9,R,
206914,Cameron University,77,R,58,R,
198136,Campbell University,123,R,112,R,
156365,Campbellsville University,114,R,130,R,
189705,Canisius College,87,R,63,R,
413413,Capella University,69,R,147,R,
201548,Capital University,79,R,84,R,
162061,Capitol Technology University,11,R,3,R,
238430,Cardinal Stritch University,27,R,47,R,
448239,Careers Unlimited,2,R,3,R,
241377,Caribbean University-Bayamon,16,R,14,R,
241386,Caribbean University-Carolina,4,R,3,R,
363907,Caribbean University-Ponce,7,R,13,R,
363916,Caribbean University-Vega Baja,2,R,3,R,
173258,Carleton College,128,R,121,R,
211431,Carlow University,25,R,82,R,
211440,Carnegie Mellon University,894,R,384,R,
489937,Carolina University,15,R,10,R,
180106,Carroll College,39,R,43,R,
238458,Carroll University,49,R,90,R,
219806,Carson-Newman University,60,R,60,R,
238476,Carthage College,98,R,74,R,
201645,Case Western Reserve University,425,R,336,R,
230834,Castleton University,39,R,40,R,
198215,Catawba College,40,R,44,R,
475398,Catholic Distance University,6,R,1,R,
189848,Cazenovia College,20,R,34,R,
211468,Cedar Crest College,25,R,57,R,
201654,Cedarville University,145,R,82,R,
376224,CEM College-Humacao,0,R,2,R,
158477,Centenary College of Louisiana,35,R,21,R,
183974,Centenary University,37,R,40,R,
106713,Central Baptist College,16,R,12,R,
154855,Central Christian College of Kansas,12,R,9,R,
176910,Central Christian College of the Bible,9,R,2,R,
153108,Central College,50,R,47,R,
128771,Central Connecticut State University,246,R,194,R,
445267,Central Methodist University-College of Graduate and Extended Studies,2,R,11,R,
176947,Central Methodist University-College of Liberal Arts and Sciences,38,R,43,R,
169248,Central Michigan University,429,R,337,R,
211477,Central Penn College,20,R,16,R,
201690,Central State University,62,R,36,R,
234827,Central Washington University,235,R,222,R,
488004,Central Yeshiva Beth Joseph,5,R,0,R,
189857,Central Yeshiva Tomchei Tmimim Lubavitz,17,R,0,R,
156408,Centre College,77,R,56,R,
180948,Chadron State College,49,R,39,R,
454245,Chamberlain University-Arizona,1,R,16,R,
489353,Chamberlain University-California,0,R,6,R,
457129,Chamberlain University-Florida,1,R,27,R,
475732,Chamberlain University-Georgia,0,R,28,R,
454227,Chamberlain University-Illinois,17,R,103,R,
475741,Chamberlain University-Indiana,0,R,8,R,
492759,Chamberlain University-Louisiana,2,R,3,R,
486947,Chamberlain University-Michigan,0,R,9,R,
466921,Chamberlain University-Missouri,1,R,13,R,
486938,Chamberlain University-Nevada,1,R,9,R,
486956,Chamberlain University-New Jersey,0,R,17,R,
489344,Chamberlain University-North Carolina,0,R,5,R,
454236,Chamberlain University-Ohio,1,R,17,R,
466930,Chamberlain University-Texas,0,R,28,R,
460871,Chamberlain University-Virginia,1,R,10,R,
141486,Chaminade University of Honolulu,50,R,40,R,
230852,Champlain College,71,R,45,R,
111948,Chapman University,305,R,231,R,
111966,Charles R Drew University of Medicine and Science,9,R,24,R,
217688,Charleston Southern University,116,R,104,R,
444778,Charlotte Christian College and Theological Seminary,4,R,1,R,
128780,Charter Oak State College,,,,,
211556,Chatham University,43,R,83,R,
211583,Chestnut Hill College,26,R,42,R,
211608,Cheyney University of Pennsylvania,19,R,16,R,
144005,Chicago State University,94,R,98,R,
198303,Chowan University,27,R,26,R,
494630,Christ Mission College,,,,,
219833,Christian Brothers University,69,R,40,R,
231712,Christopher Newport University,164,R,125,R,
217864,Citadel Military College of South Carolina,130,R,74,R,
234915,City University of Seattle,14,R,17,R,
457697,City Vision University,,,,,
217873,Claflin University,69,R,53,R,
112260,Claremont McKenna College,103,R,61,R,
211644,Clarion University of Pennsylvania,98,R,111,R,
138947,Clark Atlanta University,98,R,83,R,
165334,Clark University,112,R,94,R,
153126,Clarke University,24,R,56,R,
211024,Clarks Summit University,16,R,12,R,
180832,Clarkson College,6,R,55,R,
190044,Clarkson University,154,R,85,R,
139311,Clayton  State University,102,R,106,R,
156417,Clear Creek Baptist Bible College,6,R,0,R,
169327,Cleary University,3,R,3,R,
217882,Clemson University,814,R,537,R,
202046,Cleveland Institute of Art,34,R,17,R,
202073,Cleveland Institute of Music,17,R,12,R,
202134,Cleveland State University,294,R,253,R,
177038,Cleveland University-Kansas City,21,R,17,R,
218724,Coastal Carolina University,265,R,223,R,
153144,Coe College,55,R,59,R,
112394,Cogswell University of Silicon Valley,13,R,6,R,
217907,Coker University,35,R,33,R,
161086,Colby College,117,R,117,R,
182634,Colby-Sawyer College,21,R,31,R,
241720,Colegio Universitario de San Juan,9,R,13,R,
190099,Colgate University,194,R,154,R,
169442,College for Creative Studies,39,R,17,R,
388520,College of Biblical Studies-Houston,15,R,3,R,
217819,College of Charleston,280,R,246,R,
139250,College of Coastal Georgia,47,R,63,R,
193399,College of Mount Saint Vincent,36,R,46,R,
167394,College of Our Lady of the Elms,20,R,42,R,
174747,College of Saint Benedict,69,R,73,R,
181604,College of Saint Mary,7,R,66,R,
190558,College of Staten Island CUNY,194,R,165,R,
160959,College of the Atlantic,15,R,11,R,
166124,College of the Holy Cross,151,R,145,R,
178697,College of the Ozarks,56,R,42,R,
493822,College Unbound,,,,,
126669,Colorado Christian University,68,R,43,R,
126678,Colorado College,113,R,110,R,
127556,Colorado Mesa University,161,R,143,R,
126775,Colorado School of Mines,226,R,101,R,
128106,Colorado State University Pueblo,94,R,70,R,
126818,Colorado State University-Fort Collins,914,R,734,R,
476975,Colorado State University-Global Campus,16,R,19,R,
126827,Colorado Technical University-Colorado Springs,22,R,30,R,
241304,Columbia Central University-Caguas,13,R,20,R,
217934,Columbia College,14,R,40,R,
177065,Columbia College,34,R,38,R,
144281,Columbia College Chicago,143,R,116,R,
112570,Columbia College Hollywood,9,R,3,R,
238573,Columbia College of Nursing,1,R,10,R,
217925,Columbia International University,28,R,10,R,
450933,Columbia Southern University,165,R,114,R,
190150,Columbia University in the City of New York,1059,R,593,R,
202170,Columbus College of Art and Design,36,R,30,R,
139366,Columbus State University,171,R,153,R,
459417,Compass College of Cinematic Arts,4,R,1,R,
177083,Conception Seminary College,3,R,2,R,
237330,Concord University,56,R,48,R,
190248,Concordia College,14,R,35,R,
173300,Concordia College at Moorhead,86,R,76,R,
224004,Concordia University Texas,25,R,28,R,
169363,Concordia University-Ann Arbor,31,R,25,R,
144351,Concordia University-Chicago,133,R,168,R,
112075,Concordia University-Irvine,54,R,55,R,
180984,Concordia University-Nebraska,41,R,22,R,
173328,Concordia University-Saint Paul,34,R,52,R,
238616,Concordia University-Wisconsin,91,R,146,R,
493600,Congregation Talmidei Mesivta Tiferes Shmiel Aleksander,19,R,0,R,
128902,Connecticut College,103,R,105,R,
241766,Conservatory of Music of Puerto Rico,33,R,12,R,
217961,Converse College,27,R,54,R,
190372,Cooper Union for the Advancement of Science and Art,35,R,19,R,
162283,Coppin State University,53,R,70,R,
210331,Corban University,34,R,14,R,
153162,Cornell College,35,R,43,R,
190415,Cornell University,1136,R,691,R,
170037,Cornerstone University,41,R,25,R,
235024,Cornish College of the Arts,21,R,31,R,
139393,Covenant College,47,R,15,R,
176770,Cox College,7,R,48,R,
181002,Creighton University,285,R,281,R,
475608,Criswell College,12,R,1,R,
106810,Crowley's Ridge College,8,R,5,R,
174862,Crown College,18,R,12,R,
177144,Culver-Stockton College,27,R,22,R,
219949,Cumberland University,41,R,54,R,
190512,CUNY Bernard M Baruch College,297,R,189,R,
190549,CUNY Brooklyn College,274,R,230,R,
190567,CUNY City College,329,R,189,R,
190576,CUNY Graduate School and University Center,133,R,103,R,
190594,CUNY Hunter College,292,R,340,R,
190600,CUNY John Jay College of Criminal Justice,208,R,192,R,
190637,CUNY Lehman College,166,R,214,R,
190646,CUNY Medgar Evers College,83,R,76,R,
190655,CUNY New York City College of Technology,201,R,188,R,
190664,CUNY Queens College,312,R,271,R,
190691,CUNY York College,95,R,93,R,
165529,Curry College,31,R,85,R,
211893,Curtis Institute of Music,2,R,2,R,
190716,D'Youville College,63,R,116,R,
190725,Daemen College,53,R,97,R,
219082,Dakota State University,72,R,33,R,
219091,Dakota Wesleyan University,23,R,26,R,
224226,Dallas Baptist University,77,R,50,R,
224244,Dallas Christian College,4,R,3,R,
139463,Dalton State College,76,R,90,R,
182670,Dartmouth College,374,R,225,R,
169479,Davenport University,37,R,72,R,
198385,Davidson College,112,R,109,R,
237358,Davis & Elkins College,17,R,27,R,
194569,Davis College,1,R,0,R,
165574,Dean College,17,R,14,R,
202514,Defiance College,22,R,15,R,
130934,Delaware State University,114,R,106,R,
211981,Delaware Valley University,49,R,41,R,
175616,Delta State University,64,R,91,R,
202523,Denison University,133,R,119,R,
454856,Denver College of Nursing,4,R,19,R,
144740,DePaul University,467,R,403,R,
150400,DePauw University,123,R,97,R,
210739,DeSales University,56,R,71,R,
113582,Design Institute of San Diego,1,R,2,R,
482413,DeVry College of New York,11,R,2,R,
482422,DeVry University-Arizona,2,R,3,R,
482431,DeVry University-California,20,R,2,R,
482440,DeVry University-Colorado,3,R,0,R,
482459,DeVry University-Florida,6,R,1,R,
482468,DeVry University-Georgia,6,R,2,R,
482477,DeVry University-Illinois,38,R,19,R,
482486,DeVry University-Indiana,2,R,0,R,
482538,DeVry University-Missouri,1,R,0,R,
482547,DeVry University-Nevada,,,,,
482556,DeVry University-New Jersey,5,R,3,R,
482565,DeVry University-North Carolina,1,R,0,R,
482574,DeVry University-Ohio,6,R,2,R,
482608,DeVry University-Pennsylvania,2,R,1,R,
482617,DeVry University-Tennessee,2,R,0,R,
482635,DeVry University-Texas,7,R,6,R,
482653,DeVry University-Virginia,2,R,1,R,
443562,Dewey University-Hato Rey,21,R,29,R,
212009,Dickinson College,109,R,120,R,
200059,Dickinson State University,33,R,37,R,
443410,DigiPen Institute of Technology,56,R,19,R,
158802,Dillard University,33,R,38,R,
153241,Divine Word College,7,R,10,R,
181020,Doane University,48,R,53,R,
190761,Dominican College of Blauvelt,27,R,49,R,
148496,Dominican University,63,R,92,R,
113698,Dominican University of California,47,R,59,R,
153250,Dordt University,63,R,25,R,
153269,Drake University,159,R,146,R,
184348,Drew University,73,R,66,R,
212054,Drexel University,582,R,534,R,
177214,Drury University,63,R,48,R,
492801,Drury University-College of Continuing Professional Studies,2,R,6,R,
198419,Duke University,890,R,538,R,
212106,Duquesne University,237,R,256,R,
496326,Eagle Gate College-Boise Campus,,,,,
447421,Eagle Gate College-Layton,11,R,14,R,
230366,Eagle Gate College-Murray,0,R,8,R,
150455,Earlham College,67,R,60,R,
198464,East Carolina University,634,R,649,R,
207041,East Central University,61,R,71,R,
212115,East Stroudsburg University of Pennsylvania,125,R,121,R,
220075,East Tennessee State University,309,R,317,R,
224527,East Texas Baptist University,46,R,27,R,
144883,East-West University,6,R,4,R,
129215,Eastern Connecticut State University,116,R,88,R,
144892,Eastern Illinois University,197,R,173,R,
156620,Eastern Kentucky University,283,R,297,R,
232043,Eastern Mennonite University,41,R,48,R,
169798,Eastern Michigan University,350,R,360,R,
165644,Eastern Nazarene College,21,R,11,R,
187648,Eastern New Mexico University-Main Campus,87,R,76,R,
208646,Eastern Oregon University,58,R,44,R,
212133,Eastern University,45,R,61,R,
235097,Eastern Washington University,236,R,224,R,
446233,Ecclesia College,10,R,5,R,
133492,Eckerd College,85,R,77,R,
238661,Edgewood College,50,R,94,R,
212160,Edinboro University of Pennsylvania,128,R,121,R,
133526,Edward Waters College,34,R,26,R,
198507,Elizabeth City State University,56,R,33,R,
212197,Elizabethtown College,59,R,64,R,
144962,Elmhurst University,60,R,99,R,
190983,Elmira College,32,R,34,R,
198516,Elon University,223,R,223,R,
133553,Embry-Riddle Aeronautical University-Daytona Beach,238,R,97,R,
104586,Embry-Riddle Aeronautical University-Prescott,100,R,37,R,
426314,Embry-Riddle Aeronautical University-Worldwide,77,R,48,R,
165662,Emerson College,113,R,99,R,
165671,Emmanuel College,39,R,60,R,
139630,Emmanuel College,29,R,19,R,
232025,Emory & Henry College,41,R,57,R,
139658,Emory University,531,R,456,R,
155025,Emporia State University,120,R,129,R,
165699,Endicott College,44,R,68,R,
124487,Epic Bible College,5,R,2,R,
217998,Erskine College,21,R,20,R,
241951,Escuela de Artes Plasticas y Diseno de Puerto Rico,14,R,10,R,
144971,Eureka College,15,R,18,R,
177339,Evangel University,48,R,36,R,
385619,Everglades University,33,R,15,R,
196680,Excelsior College,,,,,
460376,Fairfax University of America,6,R,2,R,
129242,Fairfield University,133,R,167,R,
184694,Fairleigh Dickinson University-Florham Campus,76,R,82,R,
184603,Fairleigh Dickinson University-Metropolitan Campus,91,R,72,R,
237367,Fairmont State University,79,R,78,R,
153320,Faith Baptist Bible College and Theological Seminary,15,R,4,R,
443049,Faith International University,8,R,2,R,
494597,Faith Theological Seminary and Christian College,,,,,
443058,Family of Faith Christian University,1,R,0,R,
196042,Farmingdale State College,140,R,125,R,
101189,Faulkner University,65,R,55,R,
198543,Fayetteville State University,143,R,126,R,
184612,Felician University,32,R,50,R,
169910,Ferris State University,280,R,213,R,
232089,Ferrum College,28,R,30,R,
172440,Finlandia University,15,R,14,R,
165802,Fisher College,14,R,22,R,
220181,Fisk University,29,R,29,R,
165820,Fitchburg State University,98,R,108,R,
191205,Five Towns College,13,R,15,R,
133711,Flagler College,55,R,71,R,
133650,Florida Agricultural and Mechanical University,300,R,286,R,
133669,Florida Atlantic University,448,R,379,R,
433660,Florida Gulf Coast University,284,R,223,R,
133881,Florida Institute of Technology,211,R,77,R,
480569,Florida Institute of Technology-Online,5,R,5,R,
133951,Florida International University,731,R,550,R,
133979,Florida Memorial University,41,R,27,R,
482936,Florida Polytechnic University,55,R,20,R,
134079,Florida Southern College,80,R,78,R,
134097,Florida State University,931,R,670,R,
177418,Fontbonne University,25,R,37,R,
191241,Fordham University,417,R,336,R,
155061,Fort Hays State University,196,R,171,R,
127185,Fort Lewis College,87,R,90,R,
139719,Fort Valley State University,59,R,43,R,
165866,Framingham State University,85,R,113,R,
218061,Francis Marion University,102,R,112,R,
160074,Franciscan Missionaries of Our Lady University,27,R,63,R,
205957,Franciscan University of Steubenville,95,R,34,R,
212577,Franklin and Marshall College,145,R,128,R,
150604,Franklin College,44,R,35,R,
182795,Franklin Pierce University,42,R,47,R,
202806,Franklin University,39,R,35,R,
441982,Franklin W Olin College of Engineering,25,R,23,R,
220215,Freed-Hardeman University,62,R,37,R,
114813,Fresno Pacific University,48,R,58,R,
155089,Friends University,33,R,27,R,
162584,Frostburg State University,134,R,104,R,
134237,Full Sail University,537,R,198,R,
218070,Furman University,151,R,119,R,
156471,Galen College of Nursing-Louisville,6,R,58,R,
131450,Gallaudet University,71,R,118,R,
212601,Gannon University,113,R,121,R,
198561,Gardner-Webb University,73,R,86,R,
480912,Gemini School of Visual Arts & Communication,1,R,0,R,
212656,Geneva College,43,R,22,R,
208822,George Fox University,108,R,96,R,
232186,George Mason University,773,R,624,R,
131469,George Washington University,614,R,536,R,
156745,Georgetown College,40,R,42,R,
131496,Georgetown University,572,R,481,R,
139861,Georgia College & State University,146,R,188,R,
447689,Georgia Gwinnett College,216,R,238,R,
139755,Georgia Institute of Technology-Main Campus,752,R,301,R,
139931,Georgia Southern University,520,R,535,R,
139764,Georgia Southwestern State University,54,R,62,R,
139940,Georgia State University,646,R,616,R,
184773,Georgian Court University,31,R,60,R,
212674,Gettysburg College,127,R,100,R,
237385,Glenville State College,37,R,22,R,
230889,Goddard College,4,R,5,R,
202903,Gods Bible School and College,12,R,8,R,
115083,Golden Gate University-San Francisco,29,R,36,R,
130989,Goldey-Beacom College,13,R,8,R,
235316,Gonzaga University,252,R,202,R,
165936,Gordon College,51,R,35,R,
150668,Goshen College,30,R,31,R,
162654,Goucher College,44,R,70,R,
145336,Governors State University,94,R,133,R,
170000,Grace Christian University,15,R,6,R,
150677,Grace College and Theological Seminary,29,R,19,R,
461528,Grace College of Divinity,2,R,2,R,
481058,Grace Mission University,2,R,0,R,
481401,Grace School of Theology,8,R,0,R,
153366,Graceland University-Lamoni,35,R,39,R,
159009,Grambling State University,98,R,95,R,
104717,Grand Canyon University,213,R,228,R,
170082,Grand Valley State University,572,R,569,R,
153375,Grand View University,43,R,48,R,
183257,Granite State College,0,R,16,R,
442569,Grantham University,12,R,19,R,
212771,Gratz College,2,R,2,R,
170091,Great Lakes Christian College,7,R,2,R,
198598,Greensboro College,24,R,22,R,
145372,Greenville University,41,R,22,R,
153384,Grinnell College,101,R,103,R,
212805,Grove City College,,,,,
198613,Guilford College,47,R,54,R,
173647,Gustavus Adolphus College,85,R,123,R,
212832,Gwynedd Mercy University,21,R,73,R,
225201,Hallmark University,17,R,11,R,
191515,Hamilton College,103,R,101,R,
173665,Hamline University,68,R,84,R,
232256,Hampden-Sydney College,70,R,33,R,
166018,Hampshire College,28,R,29,R,
232265,Hampton University,139,R,130,R,
177542,Hannibal-LaGrange University,21,R,22,R,
150756,Hanover College,54,R,35,R,
225247,Hardin-Simmons University,63,R,43,R,
107044,Harding University,200,R,122,R,
177551,Harris-Stowe State University,20,R,15,R,
446640,Harrisburg University of Science and Technology,75,R,29,R,
191533,Hartwick College,50,R,51,R,
166027,Harvard University,1147,R,664,R,
115409,Harvey Mudd College,64,R,44,R,
181127,Hastings College,41,R,28,R,
111045,Haven University,5,R,0,R,
212911,Haverford College,76,R,89,R,
141644,Hawaii Pacific University,77,R,68,R,
166045,Hebrew College,6,R,3,R,
145497,Hebrew Theological College,9,R,5,R,
203085,Heidelberg University,32,R,32,R,
166054,Hellenic College-Holy Cross Greek Orthodox School of Theology,14,R,8,R,
107071,Henderson State University,96,R,91,R,
107080,Hendrix College,56,R,48,R,
198677,Heritage Bible College,3,R,2,R,
101453,Heritage Christian University,3,R,1,R,
235422,Heritage University,31,R,36,R,
140340,Herzing University-Atlanta,2,R,13,R,
459842,Herzing University-Kenosha,3,R,11,R,
240392,Herzing University-Madison,10,R,34,R,
174154,Herzing University-Minneapolis,1,R,18,R,
198695,High Point University,168,R,161,R,
191621,Hilbert College,21,R,15,R,
170286,Hillsdale College,108,R,37,R,
203128,Hiram College,27,R,37,R,
191630,Hobart William Smith Colleges,114,R,102,R,
134510,Hobe Sound Bible College,5,R,1,R,
367884,Hodges University,13,R,13,R,
191649,Hofstra University,262,R,223,R,
232308,Hollins University,36,R,49,R,
129534,Holy Apostles College and Seminary,7,R,7,R,
150774,Holy Cross College,11,R,9,R,
212984,Holy Family University,22,R,58,R,
115728,Holy Names University,18,R,24,R,
162760,Hood College,41,R,60,R,
170301,Hope College,119,R,112,R,
120537,Hope International University,17,R,17,R,
457226,Horizon University,,,,,
191676,Houghton College,35,R,25,R,
225399,Houston Baptist University,80,R,58,R,
225548,Howard Payne University,40,R,24,R,
131520,Howard University,383,R,356,R,
164368,Hult International Business School,24,R,8,R,
115755,Humboldt State University,138,R,154,R,
115773,Humphreys University-Stockton and Modesto Campuses,2,R,10,R,
101435,Huntingdon College,26,R,26,R,
150941,Huntington University,38,R,32,R,
449348,Huntsville Bible College,,,,,
486965,Hussian College-Los Angeles,6,R,2,R,
212993,Hussian College-Philadelphia,1,R,0,R,
487524,Husson University,69,R,63,R,
225575,Huston-Tillotson University,24,R,19,R,
142276,Idaho State University,322,R,292,R,
483780,IGlobal University,3,R,0,R,
145691,Illinois College,37,R,35,R,
145725,Illinois Institute of Technology,287,R,115,R,
145813,Illinois State University,419,R,486,R,
145646,Illinois Wesleyan University,72,R,56,R,
213011,Immaculata University,27,R,49,R,
151290,Indiana Institute of Technology,34,R,29,R,
492962,Indiana Institute of Technology-College of Professional Studies,,,,,
151324,Indiana State University,253,R,221,R,
213020,Indiana University of Pennsylvania-Main Campus,255,R,252,R,
151351,Indiana University-Bloomington,1281,R,872,R,
151388,Indiana University-East,36,R,67,R,
151333,Indiana University-Kokomo,45,R,80,R,
151360,Indiana University-Northwest,71,R,82,R,
151111,Indiana University-Purdue University-Indianapolis,536,R,499,R,
151342,Indiana University-South Bend,123,R,122,R,
151379,Indiana University-Southeast,89,R,110,R,
151801,Indiana Wesleyan University-Marion,146,R,141,R,
488679,Indiana Wesleyan University-National & Global,,,,,
187745,Institute of American Indian and Alaska Native Culture and Arts Development,14,R,12,R,
242626,Inter American University of Puerto Rico-Aguadilla,31,R,48,R,
242635,Inter American University of Puerto Rico-Arecibo,34,R,41,R,
242644,Inter American University of Puerto Rico-Barranquitas,11,R,19,R,
242705,Inter American University of Puerto Rico-Bayamon,53,R,37,R,
242680,Inter American University of Puerto Rico-Fajardo,17,R,24,R,
242699,Inter American University of Puerto Rico-Guayama,10,R,20,R,
242653,Inter American University of Puerto Rico-Metro,86,R,98,R,
242662,Inter American University of Puerto Rico-Ponce,40,R,60,R,
242617,Inter American University of Puerto Rico-San German,42,R,54,R,
436614,International Baptist College and Seminary,5,R,2,R,
191931,Iona College,86,R,83,R,
153603,Iowa State University,966,R,572,R,
153621,Iowa Wesleyan University,14,R,20,R,
191968,Ithaca College,266,R,254,R,
175856,Jackson State University,167,R,171,R,
101480,Jacksonville State University,174,R,167,R,
134945,Jacksonville University,114,R,132,R,
232423,James Madison University,531,R,539,R,
225885,Jarvis Christian College,19,R,15,R,
192040,Jewish Theological Seminary of America,21,R,13,R,
107141,John Brown University,60,R,26,R,
203368,John Carroll University,102,R,78,R,
116712,John F. Kennedy University,14,R,13,R,
488776,John Patrick University of Health and Applied Sciences,1,R,1,R,
462354,John Paul the Great Catholic University,9,R,2,R,
162928,Johns Hopkins University,823,R,661,R,
445708,Johnson & Wales University-Charlotte,41,R,37,R,
439288,Johnson & Wales University-Denver,23,R,24,R,
414823,Johnson & Wales University-North Miami,31,R,15,R,
460349,Johnson & Wales University-Online,1,R,0,R,
217235,Johnson & Wales University-Providence,153,R,126,R,
198756,Johnson C Smith University,40,R,46,R,
220473,Johnson University,28,R,13,R,
132879,Johnson University Florida,6,R,6,R,
101541,Judson College,8,R,19,R,
146339,Judson University,24,R,19,R,
213251,Juniata College,61,R,51,R,
170532,Kalamazoo College,56,R,59,R,
177746,Kansas City Art Institute,30,R,26,R,
155399,Kansas State University,576,R,425,R,
155414,Kansas Wesleyan University,21,R,26,R,
185262,Kean University,158,R,200,R,
183062,Keene State College,87,R,94,R,
192165,Kehilath Yakov Rabbinical Seminary,7,R,0,R,
486840,Kennesaw State University,602,R,576,R,
203517,Kent State University at Kent,455,R,515,R,
157100,Kentucky Christian University,13,R,16,R,
157030,Kentucky Mountain Bible College,1,R,0,R,
157058,Kentucky State University,48,R,46,R,
157076,Kentucky Wesleyan College,18,R,27,R,
203535,Kenyon College,107,R,99,R,
461847,Keser Torah-Mayan Hatalmud,2,R,0,R,
203544,Kettering College,18,R,48,R,
169983,Kettering University,78,R,35,R,
192192,Keuka College,30,R,56,R,
213303,Keystone College,19,R,28,R,
220516,King University,30,R,53,R,
213321,King's College,65,R,75,R,
146427,Knox College,67,R,42,R,
213349,Kutztown University of Pennsylvania,194,R,181,R,
171881,Kuyper College,6,R,3,R,
213358,La Roche University,26,R,35,R,
213367,La Salle University,88,R,125,R,
117627,La Sierra University,53,R,39,R,
213385,Lafayette College,151,R,108,R,
140234,LaGrange College,37,R,38,R,
117168,Laguna College of Art and Design,20,R,6,R,
203580,Lake Erie College,16,R,31,R,
146481,Lake Forest College,53,R,48,R,
170639,Lake Superior State University,60,R,38,R,
238980,Lakeland University,22,R,19,R,
146533,Lakeview College of Nursing,3,R,14,R,
226091,Lamar University,238,R,216,R,
213400,Lancaster Bible College,56,R,20,R,
218229,Lander University,63,R,77,R,
220598,Lane College,40,R,21,R,
207209,Langston University,60,R,62,R,
166391,Lasell University,30,R,52,R,
170675,Lawrence Technological University,78,R,26,R,
239017,Lawrence University,95,R,81,R,
192323,Le Moyne College,98,R,79,R,
220604,Le Moyne-Owen College,23,R,22,R,
213507,Lebanon Valley College,68,R,52,R,
220613,Lee University,109,R,79,R,
198808,Lees-McRae College,23,R,34,R,
213543,Lehigh University,355,R,193,R,
198835,Lenoir-Rhyne University,58,R,87,R,
166452,Lesley University,51,R,98,R,
226231,LeTourneau University,91,R,25,R,
209056,Lewis & Clark College,98,R,118,R,
146612,Lewis University,113,R,115,R,
142328,Lewis-Clark State College,85,R,96,R,
232557,Liberty University,615,R,410,R,
117104,Life Pacific University,11,R,4,R,
140252,Life University,74,R,51,R,
192271,LIM College,9,R,12,R,
218238,Limestone University,43,R,50,R,
146667,Lincoln Christian University,20,R,5,R,
146676,Lincoln College,14,R,18,R,
220631,Lincoln Memorial University,64,R,54,R,
117557,Lincoln University,18,R,4,R,
177940,Lincoln University,57,R,49,R,
213598,Lincoln University,54,R,46,R,
177968,Lindenwood University,127,R,130,R,
157216,Lindsey Wilson College,53,R,58,R,
209065,Linfield University-McMinnville Campus,50,R,82,R,
437325,Linfield University-Online and Continuing Education,,,,,
437316,Linfield University-School of Nursing,,,,,
219976,Lipscomb University,133,R,102,R,
198862,Livingstone College,33,R,33,R,
213613,Lock Haven University,97,R,93,R,
177986,Logan University,25,R,19,R,
117636,Loma Linda University,154,R,207,R,
192448,Long Island University,227,R,240,R,
232566,Longwood University,129,R,138,R,
153825,Loras College,59,R,40,R,
490124,Los Angeles Academy of Figurative Art,1,R,0,R,
446385,Los Angeles College of Music,7,R,2,R,
474863,Los Angeles Pacific University,6,R,5,R,
159568,Louisiana College,30,R,43,R,
159391,Louisiana State University and Agricultural & Mechanical College,826,R,518,R,
159373,Louisiana State University Health Sciences Center-New Orleans,71,R,120,R,
435000,Louisiana State University Health Sciences Center-Shreveport,2,R,31,R,
159382,Louisiana State University-Alexandria,40,R,45,R,
159416,Louisiana State University-Shreveport,76,R,58,R,
159647,Louisiana Tech University,236,R,160,R,
203757,Lourdes University,13,R,39,R,
117946,Loyola Marymount University,320,R,301,R,
146719,Loyola University Chicago,426,R,412,R,
163046,Loyola University Maryland,169,R,184,R,
159656,Loyola University New Orleans,127,R,106,R,
226383,Lubbock Christian University,51,R,45,R,
153834,Luther College,86,R,75,R,
135364,Luther Rice College & Seminary,14,R,1,R,
213668,Lycoming College,51,R,39,R,
132657,Lynn University,79,R,56,R,
106342,Lyon College,33,R,19,R,
173902,Macalester College,94,R,117,R,
192624,Machzikei Hadath Rabbinical College,9,R,0,R,
170806,Madonna University,21,R,69,R,
182917,Magdalen College,7,R,1,R,
153861,Maharishi International University,80,R,34,R,
161509,Maine College of Art,12,R,12,R,
161299,Maine Maritime Academy,62,R,16,R,
203775,Malone University,41,R,35,R,
151777,Manchester University,58,R,57,R,
155496,Manhattan Christian College,7,R,2,R,
192703,Manhattan College,131,R,108,R,
192712,Manhattan School of Music,64,R,35,R,
192749,Manhattanville College,56,R,56,R,
213783,Mansfield University of Pennsylvania,39,R,52,R,
446394,Maple Springs Baptist Bible College and Seminary,10,R,3,R,
239071,Maranatha Baptist University,25,R,12,R,
239080,Marian University,25,R,47,R,
151786,Marian University,59,R,87,R,
203845,Marietta College,65,R,48,R,
192819,Marist College,118,R,129,R,
239105,Marquette University,376,R,320,R,
198899,Mars Hill University,41,R,52,R,
237525,Marshall University,288,R,272,R,
173452,Martin Luther College,60,R,19,R,
220701,Martin Methodist College,23,R,23,R,
151810,Martin University,4,R,1,R,
232672,Mary Baldwin University,27,R,70,R,
163295,Maryland Institute College of Art,67,R,84,R,
118541,Marymount California University,17,R,14,R,
192864,Marymount Manhattan College,31,R,62,R,
232706,Marymount University,41,R,124,R,
220710,Maryville College,37,R,38,R,
178059,Maryville University of Saint Louis,65,R,102,R,
213826,Marywood University,56,R,95,R,
166674,Massachusetts College of Art and Design,66,R,55,R,
167288,Massachusetts College of Liberal Arts,43,R,46,R,
166683,Massachusetts Institute of Technology,986,R,386,R,
166692,Massachusetts Maritime Academy,59,R,29,R,
200226,Mayville State University,23,R,27,R,
164270,McDaniel College,61,R,67,R,
147013,McKendree University,37,R,55,R,
226587,McMurry University,46,R,35,R,
159717,McNeese State University,126,R,135,R,
155511,McPherson College,26,R,19,R,
166656,MCPHS University,103,R,193,R,
490328,Mechon L'hoyroa,3,R,0,R,
192925,Medaille College,34,R,52,R,
218335,Medical University of South Carolina,46,R,98,R,
118693,Menlo College,11,R,12,R,
140447,Mercer University,197,R,204,R,
193016,Mercy College,94,R,153,R,
153977,Mercy College of Health Sciences,8,R,48,R,
213987,Mercyhurst University,77,R,62,R,
198950,Meredith College,44,R,85,R,
166850,Merrimack College,90,R,110,R,
193052,Mesivta Torah Vodaath Rabbinical Seminary,9,R,0,R,
193070,Mesivtha Tifereth Jerusalem of America,10,R,0,R,
417752,Messenger College,2,R,0,R,
213996,Messiah University,116,R,85,R,
147129,Methodist College,2,R,41,R,
198969,Methodist University,86,R,71,R,
190114,Metropolitan College of New York,11,R,9,R,
174020,Metropolitan State University,58,R,74,R,
127565,Metropolitan State University of Denver,288,R,302,R,
166869,MGH Institute of Health Professions,15,R,84,R,
224776,Miami International University of Art & Design-Art Institute Dallas,3,R,2,R,
451103,Miami Regional University,23,R,31,R,
204006,Miami University-Hamilton,39,R,52,R,
204015,Miami University-Middletown,35,R,28,R,
204024,Miami University-Oxford,552,R,432,R,
171100,Michigan State University,1438,R,1071,R,
171128,Michigan Technological University,284,R,125,R,
245953,Mid-America Christian University,17,R,15,R,
199458,Mid-Atlantic Christian University,10,R,2,R,
481225,Mid-South Christian College,4,R,0,R,
155520,MidAmerica Nazarene University,37,R,33,R,
482158,Middle Georgia State University,135,R,134,R,
220978,Middle Tennessee State University,487,R,465,R,
230959,Middlebury College,168,R,142,R,
119058,Middlebury Institute of International Studies at Monterey,36,R,38,R,
181330,Midland University,15,R,21,R,
157377,Midway University,11,R,17,R,
178208,Midwestern Baptist Theological Seminary,36,R,0,R,
226833,Midwestern State University,118,R,123,R,
480985,Midwives College of Utah,,,,,
101675,Miles College,32,R,45,R,
461883,Millennia Atlantic University,,,,,
214041,Millersville University of Pennsylvania,141,R,133,R,
486901,Milligan University,50,R,42,R,
147244,Millikin University,74,R,79,R,
118888,Mills College,22,R,61,R,
175980,Millsaps College,41,R,40,R,
239309,Milwaukee Institute of Art & Design,31,R,21,R,
239318,Milwaukee School of Engineering,104,R,53,R,
174127,Minneapolis College of Art and Design,21,R,18,R,
174358,Minnesota State University Moorhead,107,R,101,R,
173920,Minnesota State University-Mankato,261,R,230,R,
200253,Minot State University,59,R,87,R,
214069,Misericordia University,58,R,86,R,
176053,Mississippi College,115,R,103,R,
176080,Mississippi State University,565,R,386,R,
176035,Mississippi University for Women,47,R,93,R,
176044,Mississippi Valley State University,50,R,59,R,
178244,Missouri Baptist University,33,R,34,R,
178341,Missouri Southern State University,99,R,92,R,
179566,Missouri State University-Springfield,385,R,380,R,
178411,Missouri University of Science and Technology,253,R,107,R,
178369,Missouri Valley College,44,R,45,R,
178387,Missouri Western State University,113,R,97,R,
129774,Mitchell College,7,R,9,R,
193292,Molloy College,55,R,137,R,
147341,Monmouth College,43,R,42,R,
185572,Monmouth University,144,R,176,R,
193308,Monroe College,96,R,137,R,
262165,Montana Bible College,,,,,
180461,Montana State University,385,R,366,R,
180179,Montana State University Billings,83,R,73,R,
180416,Montana Technological University,85,R,51,R,
185590,Montclair State University,328,R,315,R,
199032,Montreat College,28,R,15,R,
166911,Montserrat College of Art,9,R,8,R,
147369,Moody Bible Institute,49,R,17,R,
214148,Moore College of Art and Design,9,R,16,R,
214157,Moravian College,54,R,99,R,
157386,Morehead State University,161,R,150,R,
140553,Morehouse College,93,R,56,R,
163453,Morgan State University,257,R,210,R,
154004,Morningside College,40,R,36,R,
218399,Morris College,18,R,18,R,
214166,Mount Aloysius College,19,R,42,R,
209241,Mount Angel Seminary,9,R,4,R,
204176,Mount Carmel College of Nursing,2,R,46,R,
166939,Mount Holyoke College,94,R,133,R,
219198,Mount Marty University,20,R,25,R,
239390,Mount Mary University,7,R,54,R,
154013,Mount Mercy University,30,R,47,R,
204200,Mount Saint Joseph University,42,R,58,R,
193353,Mount Saint Mary College,39,R,46,R,
119173,Mount Saint Mary's University,38,R,94,R,
163462,Mount St. Mary's University,79,R,52,R,
204194,Mount Vernon Nazarene University,33,R,26,R,
214175,Muhlenberg College,97,R,87,R,
209287,Multnomah University,18,R,9,R,
157401,Murray State University,236,R,217,R,
204264,Muskingum University,48,R,44,R,
127653,Naropa University,21,R,37,R,
440749,National American University-Ellsworth AFB Extension,,,,,
482325,National American University-Georgetown,,,,,
219204,National American University-Rapid City,0,R,1,R,
147536,National Louis University,62,R,120,R,
119605,National University,126,R,124,R,
147590,National University of Health Sciences,35,R,25,R,
209296,National University of Natural Medicine,14,R,15,R,
127714,Nazarene Bible College,6,R,1,R,
193584,Nazareth College,70,R,116,R,
181297,Nebraska Methodist College of Nursing & Allied Health,1,R,65,R,
181446,Nebraska Wesleyan University,46,R,68,R,
163532,Ner Israel Rabbinical College,12,R,0,R,
214272,Neumann University,40,R,56,R,
445692,Neumont College of Computer Science,10,R,0,R,
441900,Nevada State College,35,R,69,R,
262129,New College of Florida,49,R,56,R,
182980,New England College,40,R,35,R,
208725,New Hope Christian College-Eugene,7,R,1,R,
185129,New Jersey City University,129,R,120,R,
185828,New Jersey Institute of Technology,335,R,108,R,
187897,New Mexico Highlands University,66,R,66,R,
187967,New Mexico Institute of Mining and Technology,104,R,27,R,
188030,New Mexico State University-Main Campus,349,R,279,R,
159948,New Orleans Baptist Theological Seminary,44,R,8,R,
440396,New Saint Andrews College,13,R,0,R,
461148,New York Film Academy,101,R,45,R,
194091,New York Institute of Technology,145,R,94,R,
194116,New York School of Interior Design,,,,,
193900,New York University,1734,R,1363,R,
218414,Newberry College,31,R,37,R,
155335,Newman University,34,R,55,R,
119775,Newschool of Architecture and Design,10,R,7,R,
193973,Niagara University,89,R,67,R,
159966,Nicholls State University,112,R,145,R,
167260,Nichols College,22,R,24,R,
232937,Norfolk State University,131,R,117,R,
461795,North American University,12,R,3,R,
199102,North Carolina A & T State University,264,R,196,R,
199157,North Carolina Central University,176,R,190,R,
199193,North Carolina State University at Raleigh,1078,R,691,R,
199209,North Carolina Wesleyan College,30,R,29,R,
147660,North Central College,70,R,88,R,
174437,North Central University,25,R,13,R,
200332,North Dakota State University-Main Campus,302,R,251,R,
218441,North Greenville University,89,R,68,R,
147679,North Park University,60,R,64,R,
444130,Northcentral University,35,R,53,R,
147776,Northeastern Illinois University,131,R,166,R,
207263,Northeastern State University,137,R,147,R,
167358,Northeastern University,774,R,578,R,
482705,Northeastern University Lifelong Learning Network,46,R,72,R,
105330,Northern Arizona University,554,R,597,R,
147703,Northern Illinois University,395,R,405,R,
157447,Northern Kentucky University,275,R,327,R,
171456,Northern Michigan University,168,R,136,R,
219259,Northern State University,46,R,45,R,
230913,Northern Vermont University,47,R,34,R,
239512,Northland College,27,R,21,R,
217606,Northpoint Bible College,5,R,0,R,
377546,Northwest College of Art & Design,,,,,
178624,Northwest Missouri State University,124,R,108,R,
142461,Northwest Nazarene University,50,R,47,R,
236133,Northwest University,29,R,27,R,
487603,Northwest University-College of Adult and Professional Studies,1,R,2,R,
154101,Northwestern College,45,R,38,R,
174507,Northwestern Health Sciences University,23,R,39,R,
207306,Northwestern Oklahoma State University,39,R,52,R,
120166,Northwestern Polytechnic University,4,R,0,R,
160038,Northwestern State University of Louisiana,128,R,194,R,
147767,Northwestern University,912,R,587,R,
171492,Northwood University,27,R,25,R,
230995,Norwich University,93,R,67,R,
368452,Nossi College of Art,4,R,0,R,
204468,Notre Dame College,15,R,35,R,
120184,Notre Dame de Namur University,14,R,21,R,
163578,Notre Dame of Maryland University,31,R,75,R,
136215,Nova Southeastern University,186,R,169,R,
194161,Nyack College,33,R,28,R,
174525,Oak Hills Christian College,7,R,2,R,
495059,Oak Valley College,,,,,
152099,Oakland City University,18,R,16,R,
171571,Oakland University,309,R,297,R,
101912,Oakwood University,56,R,39,R,
204501,Oberlin College,168,R,139,R,
120254,Occidental College,97,R,98,R,
140696,Oglethorpe University,38,R,36,R,
201964,Ohio Christian University,74,R,31,R,
204617,Ohio Dominican University,31,R,30,R,
204635,Ohio Northern University,132,R,89,R,
204671,Ohio State University-Lima Campus,18,R,12,R,
204796,Ohio State University-Main Campus,1316,R,936,R,
204857,Ohio University-Main Campus,576,R,438,R,
237640,Ohio Valley University,7,R,6,R,
204909,Ohio Wesleyan University,76,R,52,R,
194189,Ohr Hameir Theological Seminary,5,R,0,R,
207403,Oklahoma Baptist University,63,R,48,R,
207324,Oklahoma Christian University,66,R,29,R,
207458,Oklahoma City University,101,R,98,R,
207351,Oklahoma Panhandle State University,25,R,20,R,
207388,Oklahoma State University-Main Campus,740,R,505,R,
206835,Oklahoma Wesleyan University,14,R,19,R,
232982,Old Dominion University,471,R,397,R,
171599,Olivet College,26,R,19,R,
147828,Olivet Nazarene University,79,R,49,R,
207582,Oral Roberts University,88,R,73,R,
209490,Oregon Health & Science University,121,R,222,R,
209506,Oregon Institute of Technology,101,R,63,R,
209542,Oregon State University,806,R,585,R,
440828,Oregon State University-Cascades Campus,,,,,
120403,Otis College of Art and Design,23,R,30,R,
155636,Ottawa University-Kansas City,1,R,3,R,
428259,Ottawa University-Milwaukee,1,R,0,R,
454582,Ottawa University-Online,,,,,
155627,Ottawa University-Ottawa,16,R,10,R,
105367,Ottawa University-Phoenix,1,R,3,R,
464226,Ottawa University-Surprise,3,R,7,R,
204936,Otterbein University,74,R,90,R,
107512,Ouachita Baptist University,62,R,41,R,
227331,Our Lady of the Lake University,42,R,66,R,
178679,Ozark Christian College,18,R,2,R,
194310,Pace University,223,R,266,R,
378576,Pacific College of Health and Science,10,R,3,R,
414595,Pacific College of Oriental Medicine-New York,2,R,6,R,
439862,Pacific Islands University,2,R,0,R,
236230,Pacific Lutheran University,98,R,116,R,
209603,Pacific Northwest College of Art,9,R,16,R,
120768,Pacific Oaks College,5,R,15,R,
457484,Pacific Rim Christian University,,,,,
120838,Pacific States University,2,R,0,R,
120865,Pacific Union College,36,R,41,R,
209612,Pacific University,132,R,159,R,
130110,Paier College of Art Inc,5,R,2,R,
140720,Paine College,23,R,10,R,
136330,Palm Beach Atlantic University,97,R,81,R,
154174,Palmer College of Chiropractic,73,R,59,R,
120698,Palo Alto University,17,R,33,R,
178721,Park University,58,R,60,R,
243823,Parker University,38,R,31,R,
495916,Pathways College,,,,,
451927,Patrick Henry College,,,,,
227429,Paul Quinn College,6,R,6,R,
194392,Paul Smiths College of Arts and Science,24,R,28,R,
214883,Peirce College,13,R,14,R,
214971,Pennsylvania Academy of the Fine Arts,7,R,5,R,
215053,Pennsylvania College of Art and Design,7,R,6,R,
121150,Pepperdine University,220,R,180,R,
181534,Peru State College,25,R,27,R,
199306,Pfeiffer University,37,R,54,R,
107600,Philander Smith College,22,R,26,R,
189282,Phillips School of Nursing at Mount Sinai Beth Israel,0,R,5,R,
140818,Piedmont University,54,R,61,R,
440794,Pillar College,6,R,6,R,
167455,Pine Manor College,7,R,29,R,
155681,Pittsburg State University,163,R,128,R,
121257,Pitzer College,43,R,58,R,
260813,Platt College-Aurora,2,R,7,R,
183080,Plymouth State University,96,R,97,R,
121309,Point Loma Nazarene University,75,R,74,R,
215442,Point Park University,79,R,75,R,
138868,Point University,20,R,27,R,
456481,Polytechnic University of Puerto Rico-Miami,1,R,0,R,
456490,Polytechnic University of Puerto Rico-Orlando,7,R,1,R,
121345,Pomona College,111,R,108,R,
494807,Ponce Health Sciences University-East,,,,,
241395,Pontifical Catholic University of Puerto Rico-Arecibo,9,R,12,R,
243586,Pontifical Catholic University of Puerto Rico-Mayaguez,19,R,19,R,
241410,Pontifical Catholic University of Puerto Rico-Ponce,95,R,130,R,
205027,Pontifical College Josephinum,15,R,4,R,
209807,Portland State University,385,R,379,R,
130183,Post University,18,R,31,R,
227526,Prairie View A & M University,242,R,181,R,
194578,Pratt Institute-Main,86,R,94,R,
218539,Presbyterian College,61,R,43,R,
490045,Presbyterian Theological Seminary in America,1,R,0,R,
105589,Prescott College,15,R,29,R,
219295,Presentation College,8,R,27,R,
186131,Princeton University,629,R,356,R,
148016,Principia College,33,R,32,R,
455770,Providence Christian College,3,R,0,R,
217402,Providence College,176,R,122,R,
380438,Provo College,4,R,24,R,
496283,Provo College-Idaho Falls Campus,,,,,
151102,Purdue University Fort Wayne,185,R,125,R,
489779,Purdue University Global,115,R,231,R,
490805,Purdue University Northwest,174,R,150,R,
243780,Purdue University-Main Campus,1372,R,672,R,
199412,Queens University of Charlotte,55,R,80,R,
148131,Quincy University,30,R,23,R,
130226,Quinnipiac University,180,R,237,R,
384421,Rabbi Jacob Joseph School,4,R,0,R,
194657,Rabbinical Academy Mesivta Rabbi Chaim Berlin,12,R,0,R,
194666,Rabbinical College Bobover Yeshiva Bnei Zion,5,R,0,R,
186186,Rabbinical College of America,17,R,0,R,
194736,Rabbinical College of Long Island,8,R,0,R,
405854,Rabbinical College of Ohr Shimon Yisroel,6,R,0,R,
484871,Rabbinical College Ohr Yisroel,4,R,0,R,
205124,Rabbinical College Telshe,5,R,0,R,
194718,Rabbinical Seminary Mkor Chaim,,,,,
194763,Rabbinical Seminary of America,13,R,0,R,
233277,Radford University,238,R,297,R,
186201,Ramapo College of New Jersey,105,R,115,R,
207157,Randall University,8,R,7,R,
233301,Randolph College,27,R,42,R,
233295,Randolph-Macon College,50,R,60,R,
209922,Reed College,97,R,78,R,
490230,Reformed University,6,R,0,R,
231651,Regent University,95,R,43,R,
167598,Regis College,31,R,94,R,
127918,Regis University,136,R,194,R,
140872,Reinhardt University,32,R,46,R,
194824,Rensselaer Polytechnic Institute,341,R,126,R,
178989,Research College of Nursing,0,R,35,R,
149763,Resurrection University,10,R,39,R,
217420,Rhode Island College,122,R,209,R,
217493,Rhode Island School of Design,107,R,89,R,
221351,Rhodes College,94,R,91,R,
227757,Rice University,452,R,242,R,
186283,Rider University,103,R,102,R,
136774,Ringling College of Art and Design,84,R,36,R,
239628,Ripon College,33,R,24,R,
183211,Rivier University,18,R,46,R,
233426,Roanoke College,75,R,90,R,
215655,Robert Morris University,101,R,95,R,
194958,Roberts Wesleyan College,34,R,61,R,
195003,Rochester Institute of Technology,662,R,382,R,
170967,Rochester University,17,R,18,R,
148405,Rockford University,27,R,44,R,
179043,Rockhurst University,59,R,70,R,
180595,Rocky Mountain College,32,R,35,R,
127945,Rocky Mountain College of Art and Design,31,R,21,R,
217518,Roger Williams University,114,R,95,R,
207661,Rogers State University,54,R,43,R,
136950,Rollins College,108,R,117,R,
148487,Roosevelt University,106,R,91,R,
152318,Rose-Hulman Institute of Technology,138,R,48,R,
445735,Roseman University of Health Sciences,72,R,63,R,
215691,Rosemont College,12,R,16,R,
184782,Rowan University,313,R,289,R,
148511,Rush University,68,R,211,R,
195128,Russell Sage College,29,R,91,R,
176318,Rust College,23,R,23,R,
186371,Rutgers University-Camden,163,R,149,R,
186380,Rutgers University-New Brunswick,1201,R,1078,R,
186399,Rutgers University-Newark,354,R,226,R,
172033,Sacred Heart Major Seminary,13,R,2,R,
130253,Sacred Heart University,132,R,197,R,
172051,Saginaw Valley State University,149,R,136,R,
154235,Saint Ambrose University,93,R,108,R,
183239,Saint Anselm College,73,R,86,R,
149028,Saint Anthony College of Nursing,2,R,19,R,
199582,Saint Augustine's University,35,R,33,R,
216047,Saint Charles Borromeo Seminary-Overbrook,17,R,3,R,
174783,Saint Cloud State University,223,R,184,R,
227845,Saint Edward's University,83,R,93,R,
186618,Saint Elizabeth University,13,R,44,R,
148575,Saint Francis Medical Center College of Nursing,3,R,37,R,
215743,Saint Francis University,52,R,65,R,
195720,Saint John Fisher College,97,R,133,R,
167677,Saint John's Seminary,11,R,3,R,
174792,Saint Johns University,68,R,70,R,
160409,Saint Joseph Seminary College,22,R,6,R,
161518,Saint Joseph's College of Maine,35,R,43,R,
215770,Saint Joseph's University,161,R,138,R,
137032,Saint Leo University,86,R,75,R,
179256,Saint Louis Christian College,4,R,1,R,
179159,Saint Louis University,345,R,348,R,
236452,Saint Martin's University,51,R,45,R,
152390,Saint Mary's College,46,R,100,R,
123554,Saint Mary's College of California,90,R,126,R,
174817,Saint Mary's University of Minnesota,65,R,38,R,
152381,Saint Mary-of-the-Woods College,15,R,38,R,
231059,Saint Michael's College,68,R,58,R,
239716,Saint Norbert College,74,R,64,R,
186432,Saint Peter's University,55,R,59,R,
215798,Saint Vincent College,72,R,35,R,
148627,Saint Xavier University,55,R,78,R,
199607,Salem College,10,R,41,R,
167729,Salem State University,148,R,170,R,
237783,Salem University,17,R,15,R,
163851,Salisbury University,216,R,230,R,
217536,Salve Regina University,46,R,72,R,
227881,Sam Houston State University,408,R,373,R,
102049,Samford University,182,R,186,R,
122296,Samuel Merritt University,42,R,129,R,
112084,San Diego Christian College,7,R,3,R,
122409,San Diego State University,519,R,444,R,
122454,San Francisco Art Institute,10,R,6,R,
122506,San Francisco Conservatory of Music,23,R,7,R,
122597,San Francisco State University,414,R,456,R,
486239,San Ignacio University,,,,,
122755,San Jose State University,399,R,453,R,
430670,San Juan Bautista School of Medicine,,,,,
122931,Santa Clara University,306,R,262,R,
195304,Sarah Lawrence College,53,R,50,R,
140951,Savannah College of Art and Design,370,R,249,R,
140960,Savannah State University,97,R,74,R,
404338,Schiller International University,,,,,
143048,School of the Art Institute of Chicago,98,R,78,R,
197151,School of Visual Arts,262,R,182,R,
228042,Schreiner University,35,R,26,R,
123165,Scripps College,44,R,58,R,
488448,Seattle Film Institute,1,R,1,R,
236577,Seattle Pacific University,106,R,96,R,
236595,Seattle University,240,R,282,R,
232885,Sentara College of Health Sciences,2,R,32,R,
186584,Seton Hall University,248,R,238,R,
215947,Seton Hill University,44,R,54,R,
195438,Sh'or Yoshuv Rabbinical College,19,R,0,R,
123280,Shasta Bible College and Graduate School,3,R,1,R,
199643,Shaw University,28,R,35,R,
205443,Shawnee State University,77,R,60,R,
233541,Shenandoah University,109,R,158,R,
237792,Shepherd University,72,R,71,R,
480499,Shiloh University,,,,,
216010,Shippensburg University of Pennsylvania,181,R,127,R,
140988,Shorter University,43,R,34,R,
195474,Siena College,112,R,102,R,
172264,Siena Heights University,46,R,43,R,
182458,Sierra Nevada University,20,R,17,R,
461759,Simmons College of Kentucky,5,R,2,R,
167783,Simmons University,63,R,168,R,
154350,Simpson College,42,R,40,R,
123457,Simpson University,21,R,13,R,
219240,Sioux Falls Seminary,4,R,1,R,
195526,Skidmore College,136,R,162,R,
216038,Slippery Rock University of Pennsylvania,189,R,192,R,
167835,Smith College,135,R,197,R,
110778,Sofia University,7,R,10,R,
399911,Soka University of America,29,R,25,R,
123572,Sonoma State University,135,R,141,R,
218733,South Carolina State University,72,R,63,R,
219347,South Dakota School of Mines and Technology,117,R,37,R,
219356,South Dakota State University,279,R,233,R,
366003,South Florida Bible College and Theological Seminary,7,R,6,R,
480073,South University-Austin,0,R,8,R,
251312,South University-Columbia,5,R,15,R,
481720,South University-High Point,,,,,
101116,South University-Montgomery,1,R,3,R,
139579,South University-Savannah,13,R,18,R,
449898,South University-Tampa,4,R,20,R,
133465,South University-West Palm Beach,5,R,14,R,
459259,South UniversityRichmond,0,R,16,R,
475121,South UniversitySavannah Online,,,,,
459268,South UniversityVirginia Beach,2,R,10,R,
179557,Southeast Missouri State University,180,R,205,R,
199759,Southeastern Baptist Theological Seminary,54,R,3,R,
233602,Southeastern Free Will Baptist Bible College,5,R,0,R,
160612,Southeastern Louisiana University,222,R,285,R,
207847,Southeastern Oklahoma State University,71,R,52,R,
137564,Southeastern University,79,R,63,R,
221661,Southern Adventist University,63,R,76,R,
107983,Southern Arkansas University Main Campus,90,R,76,R,
123952,Southern California Institute of Architecture,26,R,14,R,
117575,Southern California Seminary,6,R,0,R,
117672,Southern California University of Health Sciences,25,R,21,R,
130493,Southern Connecticut State University,202,R,221,R,
149222,Southern Illinois University-Carbondale,391,R,251,R,
149231,Southern Illinois University-Edwardsville,304,R,310,R,
228246,Southern Methodist University,451,R,303,R,
206862,Southern Nazarene University,34,R,28,R,
183026,Southern New Hampshire University,80,R,76,R,
210146,Southern Oregon University,78,R,67,R,
490063,Southern States University,1,R,4,R,
160621,Southern University and A & M College,152,R,157,R,
160630,Southern University at New Orleans,46,R,27,R,
230603,Southern Utah University,216,R,118,R,
233611,Southern Virginia University,51,R,21,R,
217776,Southern Wesleyan University,30,R,21,R,
179326,Southwest Baptist University,71,R,78,R,
175078,Southwest Minnesota State University,50,R,48,R,
402776,Southwest University of Visual Arts-Albuquerque,2,R,0,R,
104188,Southwest University of Visual Arts-Tucson,2,R,1,R,
228468,Southwestern Adventist University,29,R,18,R,
228325,Southwestern Assemblies of God University,46,R,27,R,
494603,Southwestern Baptist Theological Seminary,,,,,
207856,Southwestern Christian University,16,R,8,R,
155900,Southwestern College,24,R,18,R,
207865,Southwestern Oklahoma State University,94,R,111,R,
228343,Southwestern University,51,R,61,R,
157757,Spalding University,37,R,56,R,
141060,Spelman College,42,R,141,R,
172334,Spring Arbor University,52,R,37,R,
102234,Spring Hill College,42,R,41,R,
167899,Springfield College,80,R,113,R,
475273,Springfield College-Regional  Online  and Continuing Education,6,R,8,R,
195164,St Bonaventure University,82,R,64,R,
175005,St Catherine University,45,R,199,R,
195173,St Francis College,45,R,48,R,
195216,St Lawrence University,87,R,95,R,
174844,St Olaf College,107,R,102,R,
199698,St. Andrews University,19,R,26,R,
137272,St. John Vianney College Seminary,4,R,2,R,
163976,St. John's College,42,R,15,R,
245652,St. John's College,26,R,9,R,
148593,St. John's College-Department of Nursing,1,R,16,R,
195809,St. John's University-New York,359,R,304,R,
195544,St. Joseph's College-New York,27,R,32,R,
163912,St. Mary's College of Maryland,67,R,67,R,
228149,St. Mary's University,131,R,90,R,
195243,St. Thomas Aquinas College,18,R,29,R,
137476,St. Thomas University,44,R,46,R,
243744,Stanford University,980,R,521,R,
196176,State University of New York at New Paltz,163,R,181,R,
228431,Stephen F Austin State University,266,R,269,R,
179548,Stephens College,14,R,27,R,
155937,Sterling College,23,R,22,R,
231095,Sterling College,10,R,8,R,
137546,Stetson University,133,R,137,R,
186867,Stevens Institute of Technology,218,R,81,R,
230630,Stevens-Henager College,2,R,0,R,
438151,Stevens-Henager College,1,R,3,R,
446677,Stevens-Henager College,1,R,1,R,
178767,Stevens-The Institute of Business & Arts,1,R,2,R,
164173,Stevenson University,52,R,75,R,
102270,Stillman College,20,R,21,R,
186876,Stockton University,155,R,197,R,
167996,Stonehill College,96,R,88,R,
196097,Stony Brook University,586,R,381,R,
438498,Stratford University,28,R,39,R,
450377,Strayer University-Alabama,1,R,1,R,
458885,Strayer University-Arkansas,,,,,
450298,Strayer University-Delaware,,,,,
131803,Strayer University-District of Columbia,,,,,
449038,Strayer University-Florida,1,R,4,R,
458919,Strayer University-Georgia,6,R,3,R,
459994,Strayer University-Global Region,33,R,79,R,
430184,Strayer University-Maryland,3,R,2,R,
458955,Strayer University-Mississippi,1,R,0,R,
453215,Strayer University-New Jersey,1,R,0,R,
453163,Strayer University-North Carolina,3,R,3,R,
443784,Strayer University-Pennsylvania,5,R,0,R,
458964,Strayer University-South Carolina,0,R,1,R,
443766,Strayer University-Tennessee,4,R,1,R,
458973,Strayer University-Texas,3,R,0,R,
233684,Strayer University-Virginia,7,R,4,R,
456621,Strayer University-West Virginia,,,,,
168005,Suffolk University,178,R,177,R,
228501,Sul Ross State University,59,R,50,R,
157793,Sullivan University,62,R,97,R,
447953,SUM Bible College and Theological Seminary,7,R,1,R,
196060,SUNY at Albany,393,R,274,R,
196158,SUNY at Fredonia,140,R,105,R,
196219,SUNY at Purchase College,87,R,98,R,
196121,SUNY Brockport,163,R,178,R,
196130,SUNY Buffalo State,184,R,178,R,
196167,SUNY College at Geneseo,137,R,115,R,
196237,SUNY College at Old Westbury,81,R,93,R,
196194,SUNY College at Oswego,197,R,174,R,
196246,SUNY College at Plattsburgh,133,R,121,R,
196200,SUNY College at Potsdam,118,R,125,R,
196033,SUNY College of Agriculture and Technology at Cobleskill,63,R,42,R,
196103,SUNY College of Environmental Science and Forestry,88,R,44,R,
196015,SUNY College of Technology at Canton,70,R,54,R,
196149,SUNY Cortland,155,R,171,R,
196255,SUNY Downstate Health Sciences University,60,R,72,R,
196264,SUNY Empire State College,56,R,109,R,
196291,SUNY Maritime College,72,R,20,R,
196185,SUNY Oneonta,152,R,132,R,
196112,SUNY Polytechnic Institute,92,R,44,R,
216278,Susquehanna University,71,R,67,R,
216287,Swarthmore College,115,R,108,R,
233718,Sweet Briar College,22,R,21,R,
196413,Syracuse University,650,R,489,R,
155973,Tabor College,21,R,15,R,
454689,Taft University System,,,,,
102298,Talladega College,21,R,21,R,
137777,Talmudic College of Florida,9,R,0,R,
186900,Talmudical Academy-New Jersey,4,R,0,R,
196440,Talmudical Institute of Upstate New York,2,R,0,R,
451404,Talmudical Seminary of Bobov,31,R,0,R,
196431,Talmudical Seminary Oholei Torah,20,R,0,R,
216311,Talmudical Yeshiva of Philadelphia,6,R,0,R,
228529,Tarleton State University,224,R,208,R,
152530,Taylor University,88,R,46,R,
149329,Telshe Yeshiva-Chicago,6,R,0,R,
216339,Temple University,941,R,708,R,
221838,Tennessee State University,176,R,144,R,
221847,Tennessee Technological University,250,R,175,R,
221731,Tennessee Wesleyan University,32,R,34,R,
226152,Texas A & M International University,116,R,110,R,
228723,Texas A & M University-College Station,1845,R,1010,R,
224554,Texas A & M University-Commerce,214,R,180,R,
224147,Texas A & M University-Corpus Christi,207,R,224,R,
228705,Texas A & M University-Kingsville,254,R,152,R,
483036,Texas A&M University-Central Texas,42,R,45,R,
459949,Texas A&M University-San Antonio,93,R,89,R,
224545,Texas A&M University-Texarkana,45,R,41,R,
228875,Texas Christian University,368,R,360,R,
228884,Texas College,19,R,15,R,
430704,Texas Health and Science University,5,R,3,R,
228981,Texas Lutheran University,38,R,47,R,
229063,Texas Southern University,214,R,219,R,
228459,Texas State University,667,R,679,R,
229115,Texas Tech University,1007,R,683,R,
229337,Texas Tech University Health Sciences Center,105,R,240,R,
492689,Texas Tech University Health Sciences Center-El Paso,6,R,16,R,
229160,Texas Wesleyan University,59,R,60,R,
229179,Texas Woman's University,113,R,344,R,
138813,The Art Institute of Atlanta,7,R,4,R,
451820,The Art Institute of Austin,2,R,0,R,
222938,The Art Institute of Houston,7,R,1,R,
458982,The Art Institute of San Antonio,3,R,1,R,
458496,The Art Institute of Virginia Beach,2,R,0,R,
132408,The Baptist College of Florida,16,R,7,R,
131283,The Catholic University of America,240,R,141,R,
143978,The Chicago School of Professional Psychology at Chicago,41,R,46,R,
455664,The Chicago School of Professional Psychology at Los Angeles,19,R,10,R,
201821,The Christ College of Nursing and Health Sciences,6,R,36,R,
142294,The College of Idaho,41,R,31,R,
187134,The College of New Jersey,174,R,199,R,
195234,The College of Saint Rose,76,R,96,R,
174899,The College of Saint Scholastica,78,R,160,R,
197285,The College of Westchester,11,R,11,R,
206589,The College of Wooster,92,R,94,R,
235167,The Evergreen State College,54,R,73,R,
192110,The Juilliard School,76,R,56,R,
454184,The King's College,24,R,7,R,
439701,The King's University,10,R,2,R,
117751,The Master's University and Seminary,52,R,10,R,
167057,The New England Conservatory of Music,83,R,43,R,
193654,The New School,211,R,216,R,
206394,The North Coast College,2,R,2,R,
495767,The Pennsylvania State University,,,,,
157748,The Southern Baptist Theological Seminary,51,R,2,R,
100751,The University of Alabama,834,R,694,R,
202763,The University of Findlay,106,R,120,R,
180489,The University of Montana,274,R,195,R,
180692,The University of Montana-Western,34,R,32,R,
137847,The University of Tampa,193,R,175,R,
487010,The University of Tennessee Health Science Center,127,R,197,R,
221740,The University of Tennessee-Chattanooga,263,R,244,R,
221759,The University of Tennessee-Knoxville,892,R,733,R,
221768,The University of Tennessee-Martin,157,R,128,R,
228769,The University of Texas at Arlington,590,R,501,R,
228778,The University of Texas at Austin,1447,R,1077,R,
228787,The University of Texas at Dallas,606,R,292,R,
228796,The University of Texas at El Paso,439,R,335,R,
229027,The University of Texas at San Antonio,574,R,385,R,
228802,The University of Texas at Tyler,158,R,189,R,
229300,The University of Texas Health Science Center at Houston,144,R,230,R,
228644,The University of Texas Health Science Center at San Antonio,95,R,125,R,
416801,The University of Texas MD Anderson Cancer Center,11,R,12,R,
228653,The University of Texas Medical Branch at Galveston,24,R,93,R,
229018,The University of Texas Permian Basin,103,R,70,R,
227368,The University of Texas Rio Grande Valley,651,R,497,R,
215105,The University of the Arts,60,R,44,R,
221519,The University of the South,99,R,80,R,
233897,The University of Virginia's College at Wise,54,R,49,R,
138354,The University of West Florida,189,R,163,R,
216357,Thiel College,33,R,24,R,
124292,Thomas Aquinas College,35,R,4,R,
161563,Thomas College,24,R,11,R,
187046,Thomas Edison State University,,,,,
216366,Thomas Jefferson University,103,R,198,R,
183275,Thomas More College of Liberal Arts,5,R,1,R,
157809,Thomas More University,44,R,43,R,
141167,Thomas University,17,R,37,R,
206048,Tiffin University,41,R,30,R,
141185,Toccoa Falls College,29,R,17,R,
196583,Torah Temimah Talmudical Seminary,3,R,0,R,
176406,Tougaloo College,28,R,32,R,
196592,Touro College,230,R,207,R,
459824,Touro University Nevada,11,R,30,R,
459727,Touro University Worldwide,7,R,4,R,
164076,Towson University,390,R,540,R,
157818,Transylvania University,43,R,40,R,
221892,Trevecca Nazarene University,57,R,38,R,
152567,Trine University,73,R,51,R,
414878,Trine University-Regional/Non-Traditional Campuses,,,,,
137953,Trinity Baptist College,10,R,4,R,
200484,Trinity Bible College and Graduate School,11,R,4,R,
149505,Trinity Christian College,30,R,38,R,
130590,Trinity College,124,R,99,R,
137962,Trinity College of Florida,4,R,5,R,
146755,Trinity College of Nursing & Health Sciences,0,R,12,R,
135610,Trinity International University-Florida,0,R,2,R,
149514,Trinity International University-Illinois,48,R,16,R,
229267,Trinity University,148,R,115,R,
131876,Trinity Washington University,19,R,49,R,
102368,Troy University,255,R,271,R,
141237,Truett McConnell University,29,R,25,R,
178615,Truman State University,168,R,127,R,
168148,Tufts University,433,R,393,R,
160755,Tulane University of Louisiana,452,R,354,R,
221953,Tusculum University,40,R,36,R,
102377,Tuskegee University,132,R,104,R,
491525,Union Bible College,4,R,2,R,
157863,Union College,30,R,21,R,
181738,Union College,29,R,32,R,
196866,Union College,123,R,90,R,
206279,Union Institute & University,14,R,17,R,
221971,Union University,119,R,115,R,
128328,United States Air Force Academy,143,R,64,R,
130624,United States Coast Guard Academy,97,R,45,R,
197027,United States Merchant Marine Academy,91,R,16,R,
197036,United States Military Academy,186,R,75,R,
164155,United States Naval Academy,224,R,100,R,
102395,United States Sports Academy,5,R,2,R,
447050,United States University,1,R,5,R,
197018,United Talmudical Seminary,102,R,0,R,
161572,Unity College,24,R,21,R,
241191,Universidad Adventista de las Antillas,21,R,18,R,
243346,Universidad Ana G. Mendez-Carolina Campus,57,R,75,R,
241739,Universidad Ana G. Mendez-Cupey Campus,47,R,123,R,
243601,Universidad Ana G. Mendez-Gurabo Campus,85,R,116,R,
483595,Universidad Ana G. Mendez-Online Campus,1,R,0,R,
241225,Universidad Central de Bayamon,8,R,24,R,
243568,Universidad Central Del Caribe,3,R,6,R,
243443,Universidad del Sagrado Corazon,23,R,49,R,
441690,Universidad Pentecostal Mizpa,,,,,
243577,Universidad Politecnica de Puerto Rico,88,R,45,R,
241614,Universidad Teologica del Caribe,11,R,7,R,
196088,University at Buffalo,727,R,495,R,
363934,University of Advancing Technology,18,R,12,R,
200800,University of Akron Main Campus,365,R,266,R,
100663,University of Alabama at Birmingham,447,R,459,R,
100706,University of Alabama in Huntsville,196,R,167,R,
102553,University of Alaska Anchorage,221,R,228,R,
102614,University of Alaska Fairbanks,188,R,150,R,
102632,University of Alaska Southeast,51,R,43,R,
104179,University of Arizona,1082,R,768,R,
487296,University of Arizona-Sierra Vista,8,R,11,R,
106397,University of Arkansas,718,R,499,R,
106245,University of Arkansas at Little Rock,236,R,158,R,
106412,University of Arkansas at Pine Bluff,89,R,64,R,
106263,University of Arkansas for Medical Sciences,55,R,93,R,
493725,University of Arkansas System eVersity,,,,,
108092,University of Arkansas-Fort Smith,106,R,119,R,
161873,University of Baltimore,97,R,86,R,
128744,University of Bridgeport,79,R,72,R,
110635,University of California-Berkeley,1112,R,709,R,
110644,University of California-Davis,1010,R,736,R,
110653,University of California-Irvine,820,R,589,R,
110662,University of California-Los Angeles,1277,R,861,R,
445188,University of California-Merced,222,R,185,R,
110671,University of California-Riverside,617,R,358,R,
110680,University of California-San Diego,899,R,475,R,
110705,University of California-Santa Barbara,634,R,444,R,
110714,University of California-Santa Cruz,386,R,298,R,
106704,University of Central Arkansas,265,R,285,R,
132903,University of Central Florida,902,R,665,R,
176965,University of Central Missouri,225,R,211,R,
206941,University of Central Oklahoma,260,R,287,R,
237312,University of Charleston,43,R,69,R,
144050,University of Chicago,952,R,508,R,
201885,University of Cincinnati-Main Campus,734,R,659,R,
126614,University of Colorado Boulder,999,R,671,R,
126580,University of Colorado Colorado Springs,218,R,226,R,
126562,University of Colorado Denver/Anschutz Medical Campus,480,R,462,R,
129020,University of Connecticut,875,R,620,R,
436827,University of Connecticut-Avery Point,,,,,
463056,University of Connecticut-Hartford Campus,,,,,
436836,University of Connecticut-Stamford,,,,,
436818,University of Connecticut-Waterbury Campus,,,,,
224323,University of Dallas,88,R,56,R,
202480,University of Dayton,362,R,305,R,
130943,University of Delaware,698,R,567,R,
127060,University of Denver,384,R,367,R,
169716,University of Detroit Mercy,154,R,168,R,
153278,University of Dubuque,56,R,52,R,
150534,University of Evansville,91,R,80,R,
134130,University of Florida,1502,R,1015,R,
484473,University of Florida-Online,3,R,7,R,
139959,University of Georgia,1265,R,879,R,
240754,University of Guam,79,R,65,R,
129525,University of Hartford,193,R,164,R,
141565,University of Hawaii at Hilo,105,R,98,R,
141574,University of Hawaii at Manoa,561,R,479,R,
141981,University of Hawaii-West Oahu,43,R,42,R,
179265,University of Health Sciences and Pharmacy in St. Louis,26,R,41,R,
160065,University of Holy Cross,26,R,43,R,
225511,University of Houston,887,R,636,R,
225414,University of Houston-Clear Lake,146,R,133,R,
225432,University of Houston-Downtown,190,R,167,R,
225502,University of Houston-Victoria,70,R,62,R,
142285,University of Idaho,371,R,214,R,
145600,University of Illinois Chicago,822,R,836,R,
148654,University of Illinois Springfield,111,R,90,R,
145637,University of Illinois Urbana-Champaign,1434,R,923,R,
151263,University of Indianapolis,126,R,176,R,
153658,University of Iowa,743,R,608,R,
200156,University of Jamestown,34,R,42,R,
155317,University of Kansas,739,R,567,R,
157085,University of Kentucky,818,R,630,R,
117140,University of La Verne,114,R,140,R,
160658,University of Louisiana at Lafayette,361,R,286,R,
159993,University of Louisiana at Monroe,133,R,188,R,
157289,University of Louisville,540,R,428,R,
232609,University of Lynchburg,87,R,99,R,
161253,University of Maine,321,R,220,R,
161217,University of Maine at Augusta,40,R,54,R,
161226,University of Maine at Farmington,47,R,70,R,
161235,University of Maine at Fort Kent,18,R,14,R,
161244,University of Maine at Machias,14,R,13,R,
161341,University of Maine at Presque Isle,18,R,15,R,
437097,University of Management and Technology,59,R,10,R,
200217,University of Mary,76,R,88,R,
226471,University of Mary Hardin-Baylor,70,R,95,R,
232681,University of Mary Washington,127,R,128,R,
163338,University of Maryland Eastern Shore,113,R,92,R,
163204,University of Maryland Global Campus,118,R,91,R,
163259,University of Maryland  Baltimore,148,R,294,R,
163268,University of Maryland-Baltimore County,287,R,269,R,
163286,University of Maryland-College Park,1128,R,742,R,
166629,University of Massachusetts-Amherst,797,R,664,R,
166638,University of Massachusetts-Boston,346,R,343,R,
167987,University of Massachusetts-Dartmouth,208,R,187,R,
166513,University of Massachusetts-Lowell,355,R,292,R,
220862,University of Memphis,463,R,424,R,
135726,University of Miami,675,R,460,R,
170976,University of Michigan-Ann Arbor,2288,R,1654,R,
171137,University of Michigan-Dearborn,216,R,155,R,
171146,University of Michigan-Flint,141,R,161,R,
174075,University of Minnesota-Crookston,39,R,32,R,
174233,University of Minnesota-Duluth,269,R,217,R,
174251,University of Minnesota-Morris,67,R,51,R,
456959,University of Minnesota-Rochester,20,R,17,R,
174066,University of Minnesota-Twin Cities,1423,R,1049,R,
176017,University of Mississippi,575,R,549,R,
178396,University of Missouri-Columbia,695,R,568,R,
178402,University of Missouri-Kansas City,296,R,284,R,
178420,University of Missouri-St Louis,171,R,218,R,
101693,University of Mobile,30,R,43,R,
101709,University of Montevallo,78,R,75,R,
199069,University of Mount Olive,48,R,38,R,
204185,University of Mount Union,75,R,73,R,
181215,University of Nebraska at Kearney,173,R,155,R,
181394,University of Nebraska at Omaha,276,R,256,R,
181428,University of Nebraska Medical Center,84,R,240,R,
181464,University of Nebraska-Lincoln,842,R,499,R,
182281,University of Nevada-Las Vegas,599,R,440,R,
182290,University of Nevada-Reno,482,R,348,R,
161457,University of New England,102,R,150,R,
183071,University of New Hampshire at Manchester,24,R,18,R,
183044,University of New Hampshire-Main Campus,366,R,380,R,
129941,University of New Haven,169,R,102,R,
187985,University of New Mexico-Main Campus,476,R,486,R,
159939,University of New Orleans,173,R,108,R,
101879,University of North Alabama,138,R,134,R,
199111,University of North Carolina at Asheville,118,R,102,R,
199120,University of North Carolina at Chapel Hill,888,R,742,R,
199139,University of North Carolina at Charlotte,550,R,545,R,
199148,University of North Carolina at Greensboro,403,R,476,R,
199281,University of North Carolina at Pembroke,145,R,168,R,
199184,University of North Carolina School of the Arts,100,R,54,R,
199218,University of North Carolina Wilmington,323,R,365,R,
200280,University of North Dakota,315,R,208,R,
136172,University of North Florida,266,R,254,R,
482680,University of North Georgia,365,R,375,R,
227216,University of North Texas,619,R,543,R,
484905,University of North Texas at Dallas,56,R,65,R,
127741,University of Northern Colorado,230,R,252,R,
154095,University of Northern Iowa,248,R,235,R,
174491,University of Northwestern-St Paul,44,R,31,R,
152080,University of Notre Dame,847,R,377,R,
207342,University of Oklahoma-Health Sciences Center,73,R,175,R,
207500,University of Oklahoma-Norman Campus,789,R,510,R,
209551,University of Oregon,638,R,514,R,
215062,University of Pennsylvania,882,R,590,R,
484613,University of Phoenix-Arizona,28,R,99,R,
484631,University of Phoenix-California,,,,,
484668,University of Phoenix-Florida,,,,,
484677,University of Phoenix-Georgia,,,,,
420042,University of Phoenix-Hawaii,,,,,
442161,University of Phoenix-Illinois,,,,,
484710,University of Phoenix-Nevada,,,,,
445300,University of Phoenix-New Jersey,,,,,
405997,University of Phoenix-New Mexico,,,,,
484729,University of Phoenix-North Carolina,,,,,
484783,University of Phoenix-Pennsylvania,,,,,
484756,University of Phoenix-Texas,,,,,
380465,University of Phoenix-Utah,,,,,
432223,University of Phoenix-Washington,,,,,
157535,University of Pikeville,29,R,33,R,
215266,University of Pittsburgh-Bradford,48,R,28,R,
215275,University of Pittsburgh-Greensburg,36,R,42,R,
215284,University of Pittsburgh-Johnstown,76,R,66,R,
215293,University of Pittsburgh-Pittsburgh Campus,995,R,859,R,
209825,University of Portland,122,R,154,R,
180258,University of Providence,23,R,30,R,
243106,University of Puerto Rico-Aguadilla,46,R,48,R,
243115,University of Puerto Rico-Arecibo,80,R,90,R,
243133,University of Puerto Rico-Bayamon,73,R,75,R,
243142,University of Puerto Rico-Carolina,46,R,43,R,
243151,University of Puerto Rico-Cayey,63,R,62,R,
243179,University of Puerto Rico-Humacao,73,R,79,R,
243197,University of Puerto Rico-Mayaguez,304,R,179,R,
243203,University of Puerto Rico-Medical Sciences,122,R,240,R,
243212,University of Puerto Rico-Ponce,29,R,43,R,
243221,University of Puerto Rico-Rio Piedras,390,R,333,R,
236328,University of Puget Sound,115,R,122,R,
121691,University of Redlands,103,R,114,R,
217484,University of Rhode Island,377,R,387,R,
233374,University of Richmond,230,R,189,R,
195030,University of Rochester,493,R,296,R,
152336,University of Saint Francis-Fort Wayne,51,R,78,R,
130314,University of Saint Joseph,41,R,98,R,
488785,University of Saint Katherine,3,R,2,R,
155812,University of Saint Mary,26,R,48,R,
122436,University of San Diego,252,R,232,R,
122612,University of San Francisco,218,R,253,R,
207722,University of Science and Arts of Oklahoma,27,R,22,R,
215929,University of Scranton,163,R,117,R,
219383,University of Sioux Falls,34,R,23,R,
102094,University of South Alabama,272,R,312,R,
218645,University of South Carolina Aiken,83,R,78,R,
218654,University of South Carolina Beaufort,40,R,53,R,
218663,University of South Carolina-Columbia,804,R,656,R,
218742,University of South Carolina-Upstate,99,R,141,R,
219471,University of South Dakota,198,R,217,R,
137351,University of South Florida,716,R,592,R,
123961,University of Southern California,1291,R,900,R,
151306,University of Southern Indiana,159,R,201,R,
161554,University of Southern Maine,129,R,160,R,
176372,University of Southern Mississippi,327,R,332,R,
148584,University of St Francis,37,R,62,R,
174914,University of St Thomas,247,R,169,R,
227863,University of St Thomas,83,R,68,R,
156541,University of the Cumberlands,113,R,114,R,
131399,University of the District of Columbia,92,R,112,R,
225627,University of the Incarnate Word,143,R,171,R,
107558,University of the Ozarks,28,R,22,R,
120883,University of the Pacific,224,R,186,R,
488846,University of the People,,,,,
442639,University of the Potomac-VA Campus,,,,,
384412,University of the Potomac-Washington DC Campus,1,R,0,R,
215132,University of the Sciences,78,R,84,R,
188182,University of the Southwest,10,R,17,R,
243665,University of the Virgin Islands,44,R,52,R,
449870,University of the West,9,R,7,R,
206084,University of Toledo,430,R,351,R,
207971,University of Tulsa,217,R,124,R,
230764,University of Utah,941,R,673,R,
216542,University of Valley Forge,14,R,11,R,
231174,University of Vermont,320,R,302,R,
234076,University of Virginia-Main Campus,915,R,607,R,
377555,University of Washington-Bothell Campus,107,R,108,R,
236948,University of Washington-Seattle Campus,1127,R,943,R,
377564,University of Washington-Tacoma Campus,123,R,148,R,
101587,University of West Alabama,47,R,69,R,
141334,University of West Georgia,227,R,302,R,
484862,University of West Los Angeles,5,R,1,R,
210438,University of Western States,17,R,19,R,
240268,University of Wisconsin-Eau Claire,205,R,215,R,
240277,University of Wisconsin-Green Bay,122,R,119,R,
240329,University of Wisconsin-La Crosse,258,R,242,R,
240444,University of Wisconsin-Madison,1301,R,951,R,
240453,University of Wisconsin-Milwaukee,547,R,509,R,
491288,University of Wisconsin-Milwaukee Flex,,,,,
240365,University of Wisconsin-Oshkosh,219,R,200,R,
240374,University of Wisconsin-Parkside,84,R,78,R,
491297,University of Wisconsin-Parkside Flex,,,,,
240462,University of Wisconsin-Platteville,199,R,125,R,
240471,University of Wisconsin-River Falls,127,R,97,R,
240480,University of Wisconsin-Stevens Point,188,R,155,R,
240417,University of Wisconsin-Stout,183,R,151,R,
240426,University of Wisconsin-Superior,53,R,58,R,
240189,University of Wisconsin-Whitewater,259,R,255,R,
240727,University of Wyoming,418,R,303,R,
154493,Upper Iowa University,28,R,46,R,
196307,Upstate Medical University,151,R,81,R,
494685,Urshan College,5,R,2,R,
216524,Ursinus College,51,R,74,R,
206349,Ursuline College,8,R,48,R,
446604,Uta Mesivta of Kiryas Joel,157,R,0,R,
230728,Utah State University,617,R,393,R,
197045,Utica College,84,R,75,R,
141264,Valdosta State University,206,R,212,R,
200572,Valley City State University,31,R,38,R,
152600,Valparaiso University,160,R,133,R,
221999,Vanderbilt University,622,R,552,R,
149639,VanderCook College of Music,5,R,5,R,
123651,Vanguard University of Southern California,36,R,49,R,
197133,Vassar College,146,R,141,R,
188340,Vaughn College of Aeronautics and Technology,30,R,10,R,
482228,Veritas Baptist College,5,R,2,R,
197142,Villa Maria College,12,R,18,R,
216597,Villanova University,398,R,306,R,
234030,Virginia Commonwealth University,648,R,630,R,
234085,Virginia Military Institute,98,R,45,R,
233921,Virginia Polytechnic Institute and State University,1302,R,738,R,
234155,Virginia State University,135,R,127,R,
234164,Virginia Union University,33,R,41,R,
234173,Virginia Wesleyan University,46,R,44,R,
240107,Viterbo University,41,R,64,R,
218919,Voorhees College,13,R,14,R,
152673,Wabash College,59,R,37,R,
226879,Wade College,4,R,2,R,
197197,Wagner College,50,R,63,R,
199847,Wake Forest University,354,R,288,R,
125231,Walden University,65,R,154,R,
154518,Waldorf University,25,R,23,R,
236896,Walla Walla University,51,R,40,R,
172608,Walsh College,16,R,8,R,
206437,Walsh University,49,R,77,R,
210304,Warner Pacific University,13,R,14,R,
480198,Warner Pacific University Professional and Graduate Studies,,,,,
138275,Warner University,24,R,14,R,
199865,Warren Wilson College,20,R,35,R,
154527,Wartburg College,47,R,44,R,
156082,Washburn University,125,R,160,R,
216667,Washington & Jefferson College,54,R,59,R,
162210,Washington Adventist University,23,R,20,R,
234207,Washington and Lee University,144,R,107,R,
164216,Washington College,49,R,62,R,
236939,Washington State University,723,R,551,R,
179867,Washington University in St Louis,620,R,390,R,
229780,Wayland Baptist University,92,R,48,R,
181783,Wayne State College,64,R,57,R,
172644,Wayne State University,550,R,493,R,
216694,Waynesburg University,37,R,44,R,
197221,Webb Institute,8,R,1,R,
138293,Webber International University,10,R,13,R,
230782,Weber State University,308,R,257,R,
179894,Webster University,107,R,90,R,
220206,Welch College,12,R,5,R,
168218,Wellesley College,122,R,206,R,
197230,Wells College,17,R,21,R,
168227,Wentworth Institute of Technology,107,R,54,R,
131098,Wesley College,33,R,47,R,
141325,Wesleyan College,17,R,34,R,
130697,Wesleyan University,205,R,173,R,
216764,West Chester University of Pennsylvania,317,R,378,R,
477039,West Coast University-Dallas,4,R,20,R,
443331,West Coast University-Los Angeles,18,R,29,R,
485272,West Coast University-Miami,6,R,21,R,
458229,West Coast University-Ontario,10,R,29,R,
458210,West Coast University-Orange County,22,R,25,R,
237932,West Liberty University,74,R,70,R,
229814,West Texas A & M University,181,R,156,R,
237899,West Virginia State University,72,R,46,R,
238032,West Virginia University,615,R,509,R,
237950,West Virginia University Institute of Technology,54,R,33,R,
237969,West Virginia Wesleyan College,29,R,36,R,
490133,Westcliff University,21,R,7,R,
200004,Western Carolina University,251,R,260,R,
128391,Western Colorado University,74,R,53,R,
130776,Western Connecticut State University,110,R,114,R,
433387,Western Governors University,730,R,2189,R,
149772,Western Illinois University,259,R,211,R,
157951,Western Kentucky University,332,R,349,R,
172699,Western Michigan University,458,R,393,R,
168254,Western New England University,127,R,98,R,
188304,Western New Mexico University,44,R,48,R,
210429,Western Oregon University,135,R,161,R,
237011,Western Washington University,351,R,313,R,
168263,Westfield State University,114,R,119,R,
179946,Westminster College,28,R,24,R,
216807,Westminster College,36,R,45,R,
230807,Westminster College,75,R,74,R,
125727,Westmont College,49,R,36,R,
149781,Wheaton College,139,R,79,R,
168281,Wheaton College,65,R,70,R,
238078,Wheeling University,14,R,19,R,
237057,Whitman College,103,R,93,R,
125763,Whittier College,66,R,63,R,
237066,Whitworth University,104,R,83,R,
475200,Whitworth University-Adult Degree Programs,0,R,1,R,
156125,Wichita State University,294,R,270,R,
216852,Widener University,119,R,156,R,
206491,Wilberforce University,13,R,7,R,
229887,Wiley College,23,R,18,R,
216931,Wilkes University,102,R,94,R,
210401,Willamette University,93,R,85,R,
231624,William & Mary,415,R,301,R,
176479,William Carey University,80,R,103,R,
166717,William James College,27,R,44,R,
122728,William Jessup University,34,R,15,R,
179955,William Jewell College,38,R,32,R,
187444,William Paterson University of New Jersey,189,R,202,R,
199272,William Peace University,13,R,26,R,
154590,William Penn University,26,R,21,R,
179964,William Woods University,28,R,36,R,
107877,Williams Baptist University,17,R,13,R,
168342,Williams College,164,R,148,R,
443340,Williamson Christian College,1,R,1,R,
206507,Wilmington College,34,R,27,R,
131113,Wilmington University,36,R,56,R,
217013,Wilson College,20,R,28,R,
199962,Wingate University,78,R,108,R,
175272,Winona State University,149,R,155,R,
199999,Winston-Salem State University,112,R,152,R,
218964,Winthrop University,130,R,158,R,
240338,Wisconsin Lutheran College,37,R,26,R,
206525,Wittenberg University,62,R,55,R,
218973,Wofford College,77,R,66,R,
491631,Women's Institute of Torah Seminary and College,,,,,
125897,Woodbury University,39,R,28,R,
168421,Worcester Polytechnic Institute,294,R,125,R,
168430,Worcester State University,87,R,121,R,
401223,World Mission University,3,R,2,R,
206613,Wright State University-Lake Campus,,,,,
206604,Wright State University-Main Campus,297,R,245,R,
206622,Xavier University,173,R,225,R,
160904,Xavier University of Louisiana,124,R,109,R,
130794,Yale University,764,R,486,R,
180717,Yellowstone Christian College,,,,,
490319,Yeshiva Bais Aharon,3,R,0,R,
434937,Yeshiva College of the Nations Capital,6,R,0,R,
420325,Yeshiva D'monsey Rabbinical College,5,R,0,R,
197647,Yeshiva Derech Chaim,11,R,0,R,
375230,Yeshiva Gedolah Imrei Yosef D'spinka,7,R,0,R,
481410,Yeshiva Gedolah Kesser Torah,2,R,0,R,
491710,Yeshiva Gedolah of Cliffwood,3,R,0,R,
247773,Yeshiva Gedolah of Greater Detroit,6,R,0,R,
488350,Yeshiva Gedolah Shaarei Shmuel,2,R,0,R,
491613,Yeshiva Gedolah Tiferes Boruch,2,R,0,R,
476692,Yeshiva Gedolah Zichron Leyma,2,R,0,R,
197601,Yeshiva Karlin Stolin,4,R,0,R,
491057,Yeshiva Kollel Tifereth Elizer,9,R,0,R,
190752,Yeshiva of Far Rockaway Derech Ayson Rabbinical Seminary,7,R,0,R,
455257,Yeshiva of Machzikai Hadas,8,R,0,R,
197674,Yeshiva of Nitra Rabbinical College,17,R,0,R,
431983,Yeshiva of the Telshe Alumni,5,R,0,R,
126076,Yeshiva Ohr Elchonon Chabad West Coast Talmudical Seminary,7,R,0,R,
486017,Yeshiva Ohr Yisrael,4,R,0,R,
197692,Yeshiva Shaar Hatorah,6,R,0,R,
441609,Yeshiva Shaarei Torah of Rockland,8,R,0,R,
486026,Yeshiva Sholom Shachna,3,R,0,R,
451398,Yeshiva Toras Chaim,7,R,0,R,
197708,Yeshiva University,214,R,130,R,
494737,Yeshiva Yesoda Hatorah Vetz Chaim,19,R,0,R,
481438,Yeshiva Yesodei Hatorah,7,R,0,R,
487746,Yeshiva Zichron Aryeh,8,R,0,R,
363712,Yeshivah Gedolah Rabbinical College,5,R,0,R,
451370,Yeshivas Be'er Yitzchok,5,R,0,R,
491765,Yeshivas Emek Hatorah,5,R,0,R,
405058,Yeshivas Novominsk,6,R,0,R,
217040,Yeshivath Beth Moshe,4,R,0,R,
197735,Yeshivath Viznitz,51,R,0,R,
181853,York College,17,R,10,R,
217059,York College of Pennsylvania,90,R,86,R,
141361,Young Harris College,36,R,31,R,
206695,Youngstown State University,220,R,180,R,
458575,Zaytuna College,,,,,